2026-06-20 05:43:55 INFO  Refreshing org.springframework.context.annotation.AnnotationConfigApplicationContext@61064425: startup date [Sat Jun 20 05:43:55 EET 2026]; root of context hierarchy
2026-06-20 05:43:55 INFO  Loading XML bean definitions from class path resource [webgame/beans/server-beans.xml]
2026-06-20 05:43:55 INFO  Loading XML bean definitions from class path resource [webgame/beans/mysql-beans.xml]
2026-06-20 05:43:55 INFO  Loading XML bean definitions from class path resource [webgame/beans/service-beans.xml]
2026-06-20 05:43:55 INFO  Loading XML bean definitions from class path resource [webgame/beans/mysql-beans.xml]
2026-06-20 05:43:55 INFO  Loading XML bean definitions from class path resource [webgame/beans/data-beans.xml]
2026-06-20 05:43:56 INFO  Loading properties file from class path resource [webgame/props/webgame.properties]
2026-06-20 05:43:56 INFO  Loading properties file from class path resource [webgame/props/mysql.properties]
2026-06-20 05:43:56 INFO  Loading properties file from class path resource [webgame/props/redis.properties]
2026-06-20 05:43:56 INFO  Loading properties file from class path resource [version.properties]
2026-06-20 05:43:56 DEBUG 加载配置文件 
2026-06-20 05:43:56 DEBUG key -> platform, value -> test 
2026-06-20 05:43:56 DEBUG key -> businessThreadCount, value -> 10 
2026-06-20 05:43:56 DEBUG key -> svn, value -> 32883 
2026-06-20 05:43:56 DEBUG key -> jdbc.url, value -> jdbc:mysql://127.0.0.1:3306/sanguo_game?useUnicode=true&characterEncoding=utf8 
2026-06-20 05:43:56 DEBUG key -> secretKey, value -> 5Jqxjo10Yl2ElQCwJm 
2026-06-20 05:43:56 DEBUG key -> so.backlog, value -> 128 
2026-06-20 05:43:56 DEBUG key -> url, value -> http://127.0.0.1:8080/ 
2026-06-20 05:43:56 DEBUG key -> redis.testOnBorrow, value -> true 
2026-06-20 05:43:56 DEBUG key -> serverId, value -> 10000 
2026-06-20 05:43:56 DEBUG key -> redis.maxTotal, value -> 600 
2026-06-20 05:43:56 DEBUG key -> serverName, value -> å°æ¸¸æ1æ 
2026-06-20 05:43:56 DEBUG key -> logserver.isOpen, value -> false 
2026-06-20 05:43:56 DEBUG key -> redis.port, value -> 6379 
2026-06-20 05:43:56 DEBUG key -> jmxPort, value -> 19301 
2026-06-20 05:43:56 DEBUG key -> redis.db, value -> 13 
2026-06-20 05:43:56 DEBUG key -> redis.timeout, value -> 5000 
2026-06-20 05:43:56 DEBUG key -> logserver.port, value -> 6000 
2026-06-20 05:43:56 DEBUG key -> jdbc.user, value -> root 
2026-06-20 05:43:56 DEBUG key -> keystorePass, value ->  
2026-06-20 05:43:56 DEBUG key -> characterEncoding, value -> UTF-8 
2026-06-20 05:43:56 DEBUG key -> logicRmi.port, value -> 17003 
2026-06-20 05:43:56 DEBUG key -> debug, value -> true 
2026-06-20 05:43:56 DEBUG key -> wss, value -> false 
2026-06-20 05:43:56 DEBUG key -> dataLocation, value -> cn 
2026-06-20 05:43:56 DEBUG key -> useUnicode, value -> true 
2026-06-20 05:43:56 DEBUG key -> redis.pass, value -> e5968b5bd4f916e4 
2026-06-20 05:43:56 DEBUG key -> jmxPass, value -> g6UoONwr6joi1ApG 
2026-06-20 05:43:56 DEBUG key -> appId, value -> 100962 
2026-06-20 05:43:56 DEBUG key -> jks, value -> sanguo-lb1.linlongyx.com 
2026-06-20 05:43:56 DEBUG key -> so.keepalive, value -> true 
2026-06-20 05:43:56 DEBUG key -> http.port, value -> 19268 
2026-06-20 05:43:56 DEBUG key -> jdbc.driverClassName, value -> com.mysql.jdbc.Driver 
2026-06-20 05:43:56 DEBUG key -> cchId, value -> 392 
2026-06-20 05:43:56 DEBUG key -> workerThreadCount, value -> 14 
2026-06-20 05:43:56 DEBUG key -> bossThreadCount, value -> 1 
2026-06-20 05:43:56 DEBUG key -> redis.host, value -> 127.0.0.1 
2026-06-20 05:43:56 DEBUG key -> logserver.host, value -> 127.0.0.1 
2026-06-20 05:43:56 DEBUG key -> openTime, value -> 2017-09-02 00:00:00 
2026-06-20 05:43:56 DEBUG key -> logserver.dataPath, value -> ./log 
2026-06-20 05:43:56 DEBUG key -> wordLocation, value -> cn 
2026-06-20 05:43:56 DEBUG key -> ws.port, value -> 19101 
2026-06-20 05:43:56 DEBUG key -> jdbc.password, value -> X7kR9mP2qN5wL8jZ 
2026-06-20 05:43:56 DEBUG key -> logicRmi.cmport, value -> 17004 
2026-06-20 05:43:56 DEBUG key -> path, value -> webgame/platform/ 
2026-06-20 05:43:56 DEBUG key -> rmi.url, value -> rmi://127.0.0.1:19850/crossRankRMI 
2026-06-20 05:43:56 DEBUG key -> tag, value -> 24b0d14d02f7970e270d2b70dfab4ea62fc2390a 
2026-06-20 05:43:56 DEBUG key -> logicRmi.host, value -> 127.0.0.1 
2026-06-20 05:43:56 DEBUG key -> jmxName, value -> llyx-sanguo 
2026-06-20 05:43:56 DEBUG key -> crossUrl, value -> wss://sanguo-lb1.linlongyx.com:5003/ws 
2026-06-20 05:43:56 DEBUG key -> redis.maxWait, value -> 10000 
2026-06-20 05:43:56 DEBUG key -> version, value -> 1.1000 
2026-06-20 05:43:56 DEBUG key -> httpSwitch, value -> false 
2026-06-20 05:43:56 DEBUG key -> ws, value -> true 
2026-06-20 05:43:56 DEBUG key -> logicRmi.serviceName, value -> crossRankLogicRMI 
2026-06-20 05:43:56 DEBUG key -> redis.maxIdle, value -> 300 
2026-06-20 05:43:57 ERROR init datasource error, url: jdbc:mysql://127.0.0.1:3306/sanguo_game?useUnicode=true&characterEncoding=utf8
java.sql.SQLException: null,  message from server: "Host '127.0.0.1' is not allowed to connect to this MySQL server"
	at com.mysql.jdbc.SQLError.createSQLException(SQLError.java:996)
	at com.mysql.jdbc.SQLError.createSQLException(SQLError.java:935)
	at com.mysql.jdbc.SQLError.createSQLException(SQLError.java:924)
	at com.mysql.jdbc.MysqlIO.doHandshake(MysqlIO.java:1037)
	at com.mysql.jdbc.ConnectionImpl.coreConnect(ConnectionImpl.java:2234)
	at com.mysql.jdbc.ConnectionImpl.connectOneTryOnly(ConnectionImpl.java:2265)
	at com.mysql.jdbc.ConnectionImpl.createNewIO(ConnectionImpl.java:2064)
	at com.mysql.jdbc.ConnectionImpl.<init>(ConnectionImpl.java:790)
	at com.mysql.jdbc.JDBC4Connection.<init>(JDBC4Connection.java:44)
	at sun.reflect.NativeConstructorAccessorImpl.newInstance0(Native Method)
	at sun.reflect.NativeConstructorAccessorImpl.newInstance(NativeConstructorAccessorImpl.java:62)
	at sun.reflect.DelegatingConstructorAccessorImpl.newInstance(DelegatingConstructorAccessorImpl.java:45)
	at java.lang.reflect.Constructor.newInstance(Constructor.java:423)
	at com.mysql.jdbc.Util.handleNewInstance(Util.java:377)
	at com.mysql.jdbc.ConnectionImpl.getInstance(ConnectionImpl.java:395)
	at com.mysql.jdbc.NonRegisteringDriver.connect(NonRegisteringDriver.java:325)
	at com.alibaba.druid.filter.FilterChainImpl.connection_connect(FilterChainImpl.java:148)
	at com.alibaba.druid.filter.stat.StatFilter.connection_connect(StatFilter.java:220)
	at com.alibaba.druid.filter.FilterChainImpl.connection_connect(FilterChainImpl.java:142)
	at com.alibaba.druid.pool.DruidAbstractDataSource.createPhysicalConnection(DruidAbstractDataSource.java:1463)
	at com.alibaba.druid.pool.DruidAbstractDataSource.createPhysicalConnection(DruidAbstractDataSource.java:1525)
	at com.alibaba.druid.pool.DruidDataSource.init(DruidDataSource.java:734)
	at sun.reflect.NativeMethodAccessorImpl.invoke0(Native Method)
	at sun.reflect.NativeMethodAccessorImpl.invoke(NativeMethodAccessorImpl.java:62)
	at sun.reflect.DelegatingMethodAccessorImpl.invoke(DelegatingMethodAccessorImpl.java:43)
	at java.lang.reflect.Method.invoke(Method.java:498)
	at org.springframework.beans.factory.support.AbstractAutowireCapableBeanFactory.invokeCustomInitMethod(AbstractAutowireCapableBeanFactory.java:1711)
	at org.springframework.beans.factory.support.AbstractAutowireCapableBeanFactory.invokeInitMethods(AbstractAutowireCapableBeanFactory.java:1650)
	at org.springframework.beans.factory.support.AbstractAutowireCapableBeanFactory.initializeBean(AbstractAutowireCapableBeanFactory.java:1579)
	at org.springframework.beans.factory.support.AbstractAutowireCapableBeanFactory.doCreateBean(AbstractAutowireCapableBeanFactory.java:545)
	at org.springframework.beans.factory.support.AbstractAutowireCapableBeanFactory.createBean(AbstractAutowireCapableBeanFactory.java:482)
	at org.springframework.beans.factory.support.AbstractBeanFactory$1.getObject(AbstractBeanFactory.java:306)
	at org.springframework.beans.factory.support.DefaultSingletonBeanRegistry.getSingleton(DefaultSingletonBeanRegistry.java:230)
	at org.springframework.beans.factory.support.AbstractBeanFactory.doGetBean(AbstractBeanFactory.java:302)
	at org.springframework.beans.factory.support.AbstractBeanFactory.getBean(AbstractBeanFactory.java:197)
	at org.springframework.beans.factory.support.DefaultListableBeanFactory.preInstantiateSingletons(DefaultListableBeanFactory.java:751)
	at org.springframework.context.support.AbstractApplicationContext.finishBeanFactoryInitialization(AbstractApplicationContext.java:861)
	at org.springframework.context.support.AbstractApplicationContext.refresh(AbstractApplicationContext.java:541)
	at org.springframework.context.annotation.AnnotationConfigApplicationContext.<init>(AnnotationConfigApplicationContext.java:84)
	at com.linlongyx.sanguo.webgame.startup.GameServer.main(GameServer.java:49)
2026-06-20 05:43:57 ERROR {dataSource-1} init error
java.sql.SQLException: null,  message from server: "Host '127.0.0.1' is not allowed to connect to this MySQL server"
	at com.mysql.jdbc.SQLError.createSQLException(SQLError.java:996)
	at com.mysql.jdbc.SQLError.createSQLException(SQLError.java:935)
	at com.mysql.jdbc.SQLError.createSQLException(SQLError.java:924)
	at com.mysql.jdbc.MysqlIO.doHandshake(MysqlIO.java:1037)
	at com.mysql.jdbc.ConnectionImpl.coreConnect(ConnectionImpl.java:2234)
	at com.mysql.jdbc.ConnectionImpl.connectOneTryOnly(ConnectionImpl.java:2265)
	at com.mysql.jdbc.ConnectionImpl.createNewIO(ConnectionImpl.java:2064)
	at com.mysql.jdbc.ConnectionImpl.<init>(ConnectionImpl.java:790)
	at com.mysql.jdbc.JDBC4Connection.<init>(JDBC4Connection.java:44)
	at sun.reflect.NativeConstructorAccessorImpl.newInstance0(Native Method)
	at sun.reflect.NativeConstructorAccessorImpl.newInstance(NativeConstructorAccessorImpl.java:62)
	at sun.reflect.DelegatingConstructorAccessorImpl.newInstance(DelegatingConstructorAccessorImpl.java:45)
	at java.lang.reflect.Constructor.newInstance(Constructor.java:423)
	at com.mysql.jdbc.Util.handleNewInstance(Util.java:377)
	at com.mysql.jdbc.ConnectionImpl.getInstance(ConnectionImpl.java:395)
	at com.mysql.jdbc.NonRegisteringDriver.connect(NonRegisteringDriver.java:325)
	at com.alibaba.druid.filter.FilterChainImpl.connection_connect(FilterChainImpl.java:148)
	at com.alibaba.druid.filter.stat.StatFilter.connection_connect(StatFilter.java:220)
	at com.alibaba.druid.filter.FilterChainImpl.connection_connect(FilterChainImpl.java:142)
	at com.alibaba.druid.pool.DruidAbstractDataSource.createPhysicalConnection(DruidAbstractDataSource.java:1463)
	at com.alibaba.druid.pool.DruidAbstractDataSource.createPhysicalConnection(DruidAbstractDataSource.java:1525)
	at com.alibaba.druid.pool.DruidDataSource.init(DruidDataSource.java:734)
	at sun.reflect.NativeMethodAccessorImpl.invoke0(Native Method)
	at sun.reflect.NativeMethodAccessorImpl.invoke(NativeMethodAccessorImpl.java:62)
	at sun.reflect.DelegatingMethodAccessorImpl.invoke(DelegatingMethodAccessorImpl.java:43)
	at java.lang.reflect.Method.invoke(Method.java:498)
	at org.springframework.beans.factory.support.AbstractAutowireCapableBeanFactory.invokeCustomInitMethod(AbstractAutowireCapableBeanFactory.java:1711)
	at org.springframework.beans.factory.support.AbstractAutowireCapableBeanFactory.invokeInitMethods(AbstractAutowireCapableBeanFactory.java:1650)
	at org.springframework.beans.factory.support.AbstractAutowireCapableBeanFactory.initializeBean(AbstractAutowireCapableBeanFactory.java:1579)
	at org.springframework.beans.factory.support.AbstractAutowireCapableBeanFactory.doCreateBean(AbstractAutowireCapableBeanFactory.java:545)
	at org.springframework.beans.factory.support.AbstractAutowireCapableBeanFactory.createBean(AbstractAutowireCapableBeanFactory.java:482)
	at org.springframework.beans.factory.support.AbstractBeanFactory$1.getObject(AbstractBeanFactory.java:306)
	at org.springframework.beans.factory.support.DefaultSingletonBeanRegistry.getSingleton(DefaultSingletonBeanRegistry.java:230)
	at org.springframework.beans.factory.support.AbstractBeanFactory.doGetBean(AbstractBeanFactory.java:302)
	at org.springframework.beans.factory.support.AbstractBeanFactory.getBean(AbstractBeanFactory.java:197)
	at org.springframework.beans.factory.support.DefaultListableBeanFactory.preInstantiateSingletons(DefaultListableBeanFactory.java:751)
	at org.springframework.context.support.AbstractApplicationContext.finishBeanFactoryInitialization(AbstractApplicationContext.java:861)
	at org.springframework.context.support.AbstractApplicationContext.refresh(AbstractApplicationContext.java:541)
	at org.springframework.context.annotation.AnnotationConfigApplicationContext.<init>(AnnotationConfigApplicationContext.java:84)
	at com.linlongyx.sanguo.webgame.startup.GameServer.main(GameServer.java:49)
2026-06-20 05:43:57 ERROR create connection error, url: jdbc:mysql://127.0.0.1:3306/sanguo_game?useUnicode=true&characterEncoding=utf8, errorCode 1130, state HY000
java.sql.SQLException: null,  message from server: "Host '127.0.0.1' is not allowed to connect to this MySQL server"
	at com.mysql.jdbc.SQLError.createSQLException(SQLError.java:996)
	at com.mysql.jdbc.SQLError.createSQLException(SQLError.java:935)
	at com.mysql.jdbc.SQLError.createSQLException(SQLError.java:924)
	at com.mysql.jdbc.MysqlIO.doHandshake(MysqlIO.java:1037)
	at com.mysql.jdbc.ConnectionImpl.coreConnect(ConnectionImpl.java:2234)
	at com.mysql.jdbc.ConnectionImpl.connectOneTryOnly(ConnectionImpl.java:2265)
	at com.mysql.jdbc.ConnectionImpl.createNewIO(ConnectionImpl.java:2064)
	at com.mysql.jdbc.ConnectionImpl.<init>(ConnectionImpl.java:790)
	at com.mysql.jdbc.JDBC4Connection.<init>(JDBC4Connection.java:44)
	at sun.reflect.NativeConstructorAccessorImpl.newInstance0(Native Method)
	at sun.reflect.NativeConstructorAccessorImpl.newInstance(NativeConstructorAccessorImpl.java:62)
	at sun.reflect.DelegatingConstructorAccessorImpl.newInstance(DelegatingConstructorAccessorImpl.java:45)
	at java.lang.reflect.Constructor.newInstance(Constructor.java:423)
	at com.mysql.jdbc.Util.handleNewInstance(Util.java:377)
	at com.mysql.jdbc.ConnectionImpl.getInstance(ConnectionImpl.java:395)
	at com.mysql.jdbc.NonRegisteringDriver.connect(NonRegisteringDriver.java:325)
	at com.alibaba.druid.filter.FilterChainImpl.connection_connect(FilterChainImpl.java:148)
	at com.alibaba.druid.filter.stat.StatFilter.connection_connect(StatFilter.java:220)
	at com.alibaba.druid.filter.FilterChainImpl.connection_connect(FilterChainImpl.java:142)
	at com.alibaba.druid.pool.DruidAbstractDataSource.createPhysicalConnection(DruidAbstractDataSource.java:1463)
	at com.alibaba.druid.pool.DruidAbstractDataSource.createPhysicalConnection(DruidAbstractDataSource.java:1525)
	at com.alibaba.druid.pool.DruidDataSource$CreateConnectionThread.run(DruidDataSource.java:2100)
2026-06-20 05:43:57 INFO  {dataSource-1} inited
2026-06-20 05:43:57 ERROR create connection error, url: jdbc:mysql://127.0.0.1:3306/sanguo_game?useUnicode=true&characterEncoding=utf8, errorCode 1130, state HY000
java.sql.SQLException: null,  message from server: "Host '127.0.0.1' is not allowed to connect to this MySQL server"
	at com.mysql.jdbc.SQLError.createSQLException(SQLError.java:996)
	at com.mysql.jdbc.SQLError.createSQLException(SQLError.java:935)
	at com.mysql.jdbc.SQLError.createSQLException(SQLError.java:924)
	at com.mysql.jdbc.MysqlIO.doHandshake(MysqlIO.java:1037)
	at com.mysql.jdbc.ConnectionImpl.coreConnect(ConnectionImpl.java:2234)
	at com.mysql.jdbc.ConnectionImpl.connectOneTryOnly(ConnectionImpl.java:2265)
	at com.mysql.jdbc.ConnectionImpl.createNewIO(ConnectionImpl.java:2064)
	at com.mysql.jdbc.ConnectionImpl.<init>(ConnectionImpl.java:790)
	at com.mysql.jdbc.JDBC4Connection.<init>(JDBC4Connection.java:44)
	at sun.reflect.NativeConstructorAccessorImpl.newInstance0(Native Method)
	at sun.reflect.NativeConstructorAccessorImpl.newInstance(NativeConstructorAccessorImpl.java:62)
	at sun.reflect.DelegatingConstructorAccessorImpl.newInstance(DelegatingConstructorAccessorImpl.java:45)
	at java.lang.reflect.Constructor.newInstance(Constructor.java:423)
	at com.mysql.jdbc.Util.handleNewInstance(Util.java:377)
	at com.mysql.jdbc.ConnectionImpl.getInstance(ConnectionImpl.java:395)
	at com.mysql.jdbc.NonRegisteringDriver.connect(NonRegisteringDriver.java:325)
	at com.alibaba.druid.filter.FilterChainImpl.connection_connect(FilterChainImpl.java:148)
	at com.alibaba.druid.filter.stat.StatFilter.connection_connect(StatFilter.java:220)
	at com.alibaba.druid.filter.FilterChainImpl.connection_connect(FilterChainImpl.java:142)
	at com.alibaba.druid.pool.DruidAbstractDataSource.createPhysicalConnection(DruidAbstractDataSource.java:1463)
	at com.alibaba.druid.pool.DruidAbstractDataSource.createPhysicalConnection(DruidAbstractDataSource.java:1525)
	at com.alibaba.druid.pool.DruidDataSource$CreateConnectionThread.run(DruidDataSource.java:2100)
2026-06-20 05:43:57 WARN  Exception encountered during context initialization - cancelling refresh attempt: org.springframework.beans.factory.BeanCreationException: Error creating bean with name 'druidDataSource' defined in class path resource [webgame/beans/mysql-beans.xml]: Invocation of init method failed; nested exception is java.sql.SQLException: null,  message from server: "Host '127.0.0.1' is not allowed to connect to this MySQL server"
2026-06-20 05:43:57 ERROR create connection error, url: jdbc:mysql://127.0.0.1:3306/sanguo_game?useUnicode=true&characterEncoding=utf8, errorCode 1130, state HY000
java.sql.SQLException: null,  message from server: "Host '127.0.0.1' is not allowed to connect to this MySQL server"
	at com.mysql.jdbc.SQLError.createSQLException(SQLError.java:996)
	at com.mysql.jdbc.SQLError.createSQLException(SQLError.java:935)
	at com.mysql.jdbc.SQLError.createSQLException(SQLError.java:924)
	at com.mysql.jdbc.MysqlIO.doHandshake(MysqlIO.java:1037)
	at com.mysql.jdbc.ConnectionImpl.coreConnect(ConnectionImpl.java:2234)
	at com.mysql.jdbc.ConnectionImpl.connectOneTryOnly(ConnectionImpl.java:2265)
	at com.mysql.jdbc.ConnectionImpl.createNewIO(ConnectionImpl.java:2064)
	at com.mysql.jdbc.ConnectionImpl.<init>(ConnectionImpl.java:790)
	at com.mysql.jdbc.JDBC4Connection.<init>(JDBC4Connection.java:44)
	at sun.reflect.NativeConstructorAccessorImpl.newInstance0(Native Method)
	at sun.reflect.NativeConstructorAccessorImpl.newInstance(NativeConstructorAccessorImpl.java:62)
	at sun.reflect.DelegatingConstructorAccessorImpl.newInstance(DelegatingConstructorAccessorImpl.java:45)
	at java.lang.reflect.Constructor.newInstance(Constructor.java:423)
	at com.mysql.jdbc.Util.handleNewInstance(Util.java:377)
	at com.mysql.jdbc.ConnectionImpl.getInstance(ConnectionImpl.java:395)
	at com.mysql.jdbc.NonRegisteringDriver.connect(NonRegisteringDriver.java:325)
	at com.alibaba.druid.filter.FilterChainImpl.connection_connect(FilterChainImpl.java:148)
	at com.alibaba.druid.filter.stat.StatFilter.connection_connect(StatFilter.java:220)
	at com.alibaba.druid.filter.FilterChainImpl.connection_connect(FilterChainImpl.java:142)
	at com.alibaba.druid.pool.DruidAbstractDataSource.createPhysicalConnection(DruidAbstractDataSource.java:1463)
	at com.alibaba.druid.pool.DruidAbstractDataSource.createPhysicalConnection(DruidAbstractDataSource.java:1525)
	at com.alibaba.druid.pool.DruidDataSource$CreateConnectionThread.run(DruidDataSource.java:2100)
2026-06-20 05:43:57 ERROR create connection error, url: jdbc:mysql://127.0.0.1:3306/sanguo_game?useUnicode=true&characterEncoding=utf8, errorCode 1130, state HY000
java.sql.SQLException: null,  message from server: "Host '127.0.0.1' is not allowed to connect to this MySQL server"
	at com.mysql.jdbc.SQLError.createSQLException(SQLError.java:996)
	at com.mysql.jdbc.SQLError.createSQLException(SQLError.java:935)
	at com.mysql.jdbc.SQLError.createSQLException(SQLError.java:924)
	at com.mysql.jdbc.MysqlIO.doHandshake(MysqlIO.java:1037)
	at com.mysql.jdbc.ConnectionImpl.coreConnect(ConnectionImpl.java:2234)
	at com.mysql.jdbc.ConnectionImpl.connectOneTryOnly(ConnectionImpl.java:2265)
	at com.mysql.jdbc.ConnectionImpl.createNewIO(ConnectionImpl.java:2064)
	at com.mysql.jdbc.ConnectionImpl.<init>(ConnectionImpl.java:790)
	at com.mysql.jdbc.JDBC4Connection.<init>(JDBC4Connection.java:44)
	at sun.reflect.NativeConstructorAccessorImpl.newInstance0(Native Method)
	at sun.reflect.NativeConstructorAccessorImpl.newInstance(NativeConstructorAccessorImpl.java:62)
	at sun.reflect.DelegatingConstructorAccessorImpl.newInstance(DelegatingConstructorAccessorImpl.java:45)
	at java.lang.reflect.Constructor.newInstance(Constructor.java:423)
	at com.mysql.jdbc.Util.handleNewInstance(Util.java:377)
	at com.mysql.jdbc.ConnectionImpl.getInstance(ConnectionImpl.java:395)
	at com.mysql.jdbc.NonRegisteringDriver.connect(NonRegisteringDriver.java:325)
	at com.alibaba.druid.filter.FilterChainImpl.connection_connect(FilterChainImpl.java:148)
	at com.alibaba.druid.filter.stat.StatFilter.connection_connect(StatFilter.java:220)
	at com.alibaba.druid.filter.FilterChainImpl.connection_connect(FilterChainImpl.java:142)
	at com.alibaba.druid.pool.DruidAbstractDataSource.createPhysicalConnection(DruidAbstractDataSource.java:1463)
	at com.alibaba.druid.pool.DruidAbstractDataSource.createPhysicalConnection(DruidAbstractDataSource.java:1525)
	at com.alibaba.druid.pool.DruidDataSource$CreateConnectionThread.run(DruidDataSource.java:2100)
2026-06-20 05:43:57 ERROR Error creating bean with name 'druidDataSource' defined in class path resource [webgame/beans/mysql-beans.xml]: Invocation of init method failed; nested exception is java.sql.SQLException: null,  message from server: "Host '127.0.0.1' is not allowed to connect to this MySQL server"
org.springframework.beans.factory.BeanCreationException: Error creating bean with name 'druidDataSource' defined in class path resource [webgame/beans/mysql-beans.xml]: Invocation of init method failed; nested exception is java.sql.SQLException: null,  message from server: "Host '127.0.0.1' is not allowed to connect to this MySQL server"
	at org.springframework.beans.factory.support.AbstractAutowireCapableBeanFactory.initializeBean(AbstractAutowireCapableBeanFactory.java:1583)
	at org.springframework.beans.factory.support.AbstractAutowireCapableBeanFactory.doCreateBean(AbstractAutowireCapableBeanFactory.java:545)
	at org.springframework.beans.factory.support.AbstractAutowireCapableBeanFactory.createBean(AbstractAutowireCapableBeanFactory.java:482)
	at org.springframework.beans.factory.support.AbstractBeanFactory$1.getObject(AbstractBeanFactory.java:306)
	at org.springframework.beans.factory.support.DefaultSingletonBeanRegistry.getSingleton(DefaultSingletonBeanRegistry.java:230)
	at org.springframework.beans.factory.support.AbstractBeanFactory.doGetBean(AbstractBeanFactory.java:302)
	at org.springframework.beans.factory.support.AbstractBeanFactory.getBean(AbstractBeanFactory.java:197)
	at org.springframework.beans.factory.support.DefaultListableBeanFactory.preInstantiateSingletons(DefaultListableBeanFactory.java:751)
	at org.springframework.context.support.AbstractApplicationContext.finishBeanFactoryInitialization(AbstractApplicationContext.java:861)
	at org.springframework.context.support.AbstractApplicationContext.refresh(AbstractApplicationContext.java:541)
	at org.springframework.context.annotation.AnnotationConfigApplicationContext.<init>(AnnotationConfigApplicationContext.java:84)
	at com.linlongyx.sanguo.webgame.startup.GameServer.main(GameServer.java:49)
Caused by: java.sql.SQLException: null,  message from server: "Host '127.0.0.1' is not allowed to connect to this MySQL server"
	at com.mysql.jdbc.SQLError.createSQLException(SQLError.java:996)
	at com.mysql.jdbc.SQLError.createSQLException(SQLError.java:935)
	at com.mysql.jdbc.SQLError.createSQLException(SQLError.java:924)
	at com.mysql.jdbc.MysqlIO.doHandshake(MysqlIO.java:1037)
	at com.mysql.jdbc.ConnectionImpl.coreConnect(ConnectionImpl.java:2234)
	at com.mysql.jdbc.ConnectionImpl.connectOneTryOnly(ConnectionImpl.java:2265)
	at com.mysql.jdbc.ConnectionImpl.createNewIO(ConnectionImpl.java:2064)
	at com.mysql.jdbc.ConnectionImpl.<init>(ConnectionImpl.java:790)
	at com.mysql.jdbc.JDBC4Connection.<init>(JDBC4Connection.java:44)
	at sun.reflect.NativeConstructorAccessorImpl.newInstance0(Native Method)
	at sun.reflect.NativeConstructorAccessorImpl.newInstance(NativeConstructorAccessorImpl.java:62)
	at sun.reflect.DelegatingConstructorAccessorImpl.newInstance(DelegatingConstructorAccessorImpl.java:45)
	at java.lang.reflect.Constructor.newInstance(Constructor.java:423)
	at com.mysql.jdbc.Util.handleNewInstance(Util.java:377)
	at com.mysql.jdbc.ConnectionImpl.getInstance(ConnectionImpl.java:395)
	at com.mysql.jdbc.NonRegisteringDriver.connect(NonRegisteringDriver.java:325)
	at com.alibaba.druid.filter.FilterChainImpl.connection_connect(FilterChainImpl.java:148)
	at com.alibaba.druid.filter.stat.StatFilter.connection_connect(StatFilter.java:220)
	at com.alibaba.druid.filter.FilterChainImpl.connection_connect(FilterChainImpl.java:142)
	at com.alibaba.druid.pool.DruidAbstractDataSource.createPhysicalConnection(DruidAbstractDataSource.java:1463)
	at com.alibaba.druid.pool.DruidAbstractDataSource.createPhysicalConnection(DruidAbstractDataSource.java:1525)
	at com.alibaba.druid.pool.DruidDataSource.init(DruidDataSource.java:734)
	at sun.reflect.NativeMethodAccessorImpl.invoke0(Native Method)
	at sun.reflect.NativeMethodAccessorImpl.invoke(NativeMethodAccessorImpl.java:62)
	at sun.reflect.DelegatingMethodAccessorImpl.invoke(DelegatingMethodAccessorImpl.java:43)
	at java.lang.reflect.Method.invoke(Method.java:498)
	at org.springframework.beans.factory.support.AbstractAutowireCapableBeanFactory.invokeCustomInitMethod(AbstractAutowireCapableBeanFactory.java:1711)
	at org.springframework.beans.factory.support.AbstractAutowireCapableBeanFactory.invokeInitMethods(AbstractAutowireCapableBeanFactory.java:1650)
	at org.springframework.beans.factory.support.AbstractAutowireCapableBeanFactory.initializeBean(AbstractAutowireCapableBeanFactory.java:1579)
	... 11 more
2026-06-20 05:43:57 ERROR create connection error, url: jdbc:mysql://127.0.0.1:3306/sanguo_game?useUnicode=true&characterEncoding=utf8, errorCode 1130, state HY000
java.sql.SQLException: null,  message from server: "Host '127.0.0.1' is not allowed to connect to this MySQL server"
	at com.mysql.jdbc.SQLError.createSQLException(SQLError.java:996)
	at com.mysql.jdbc.SQLError.createSQLException(SQLError.java:935)
	at com.mysql.jdbc.SQLError.createSQLException(SQLError.java:924)
	at com.mysql.jdbc.MysqlIO.doHandshake(MysqlIO.java:1037)
	at com.mysql.jdbc.ConnectionImpl.coreConnect(ConnectionImpl.java:2234)
	at com.mysql.jdbc.ConnectionImpl.connectOneTryOnly(ConnectionImpl.java:2265)
	at com.mysql.jdbc.ConnectionImpl.createNewIO(ConnectionImpl.java:2064)
	at com.mysql.jdbc.ConnectionImpl.<init>(ConnectionImpl.java:790)
	at com.mysql.jdbc.JDBC4Connection.<init>(JDBC4Connection.java:44)
	at sun.reflect.NativeConstructorAccessorImpl.newInstance0(Native Method)
	at sun.reflect.NativeConstructorAccessorImpl.newInstance(NativeConstructorAccessorImpl.java:62)
	at sun.reflect.DelegatingConstructorAccessorImpl.newInstance(DelegatingConstructorAccessorImpl.java:45)
	at java.lang.reflect.Constructor.newInstance(Constructor.java:423)
	at com.mysql.jdbc.Util.handleNewInstance(Util.java:377)
	at com.mysql.jdbc.ConnectionImpl.getInstance(ConnectionImpl.java:395)
	at com.mysql.jdbc.NonRegisteringDriver.connect(NonRegisteringDriver.java:325)
	at com.alibaba.druid.filter.FilterChainImpl.connection_connect(FilterChainImpl.java:148)
	at com.alibaba.druid.filter.stat.StatFilter.connection_connect(StatFilter.java:220)
	at com.alibaba.druid.filter.FilterChainImpl.connection_connect(FilterChainImpl.java:142)
	at com.alibaba.druid.pool.DruidAbstractDataSource.createPhysicalConnection(DruidAbstractDataSource.java:1463)
	at com.alibaba.druid.pool.DruidAbstractDataSource.createPhysicalConnection(DruidAbstractDataSource.java:1525)
	at com.alibaba.druid.pool.DruidDataSource$CreateConnectionThread.run(DruidDataSource.java:2100)
2026-06-20 05:43:57 ERROR create connection error, url: jdbc:mysql://127.0.0.1:3306/sanguo_game?useUnicode=true&characterEncoding=utf8, errorCode 1130, state HY000
java.sql.SQLException: null,  message from server: "Host '127.0.0.1' is not allowed to connect to this MySQL server"
	at com.mysql.jdbc.SQLError.createSQLException(SQLError.java:996)
	at com.mysql.jdbc.SQLError.createSQLException(SQLError.java:935)
	at com.mysql.jdbc.SQLError.createSQLException(SQLError.java:924)
	at com.mysql.jdbc.MysqlIO.doHandshake(MysqlIO.java:1037)
	at com.mysql.jdbc.ConnectionImpl.coreConnect(ConnectionImpl.java:2234)
	at com.mysql.jdbc.ConnectionImpl.connectOneTryOnly(ConnectionImpl.java:2265)
	at com.mysql.jdbc.ConnectionImpl.createNewIO(ConnectionImpl.java:2064)
	at com.mysql.jdbc.ConnectionImpl.<init>(ConnectionImpl.java:790)
	at com.mysql.jdbc.JDBC4Connection.<init>(JDBC4Connection.java:44)
	at sun.reflect.NativeConstructorAccessorImpl.newInstance0(Native Method)
	at sun.reflect.NativeConstructorAccessorImpl.newInstance(NativeConstructorAccessorImpl.java:62)
	at sun.reflect.DelegatingConstructorAccessorImpl.newInstance(DelegatingConstructorAccessorImpl.java:45)
	at java.lang.reflect.Constructor.newInstance(Constructor.java:423)
	at com.mysql.jdbc.Util.handleNewInstance(Util.java:377)
	at com.mysql.jdbc.ConnectionImpl.getInstance(ConnectionImpl.java:395)
	at com.mysql.jdbc.NonRegisteringDriver.connect(NonRegisteringDriver.java:325)
	at com.alibaba.druid.filter.FilterChainImpl.connection_connect(FilterChainImpl.java:148)
	at com.alibaba.druid.filter.stat.StatFilter.connection_connect(StatFilter.java:220)
	at com.alibaba.druid.filter.FilterChainImpl.connection_connect(FilterChainImpl.java:142)
	at com.alibaba.druid.pool.DruidAbstractDataSource.createPhysicalConnection(DruidAbstractDataSource.java:1463)
	at com.alibaba.druid.pool.DruidAbstractDataSource.createPhysicalConnection(DruidAbstractDataSource.java:1525)
	at com.alibaba.druid.pool.DruidDataSource$CreateConnectionThread.run(DruidDataSource.java:2100)
2026-06-20 05:43:57 ERROR create connection error, url: jdbc:mysql://127.0.0.1:3306/sanguo_game?useUnicode=true&characterEncoding=utf8, errorCode 1130, state HY000
java.sql.SQLException: null,  message from server: "Host '127.0.0.1' is not allowed to connect to this MySQL server"
	at com.mysql.jdbc.SQLError.createSQLException(SQLError.java:996)
	at com.mysql.jdbc.SQLError.createSQLException(SQLError.java:935)
	at com.mysql.jdbc.SQLError.createSQLException(SQLError.java:924)
	at com.mysql.jdbc.MysqlIO.doHandshake(MysqlIO.java:1037)
	at com.mysql.jdbc.ConnectionImpl.coreConnect(ConnectionImpl.java:2234)
	at com.mysql.jdbc.ConnectionImpl.connectOneTryOnly(ConnectionImpl.java:2265)
	at com.mysql.jdbc.ConnectionImpl.createNewIO(ConnectionImpl.java:2064)
	at com.mysql.jdbc.ConnectionImpl.<init>(ConnectionImpl.java:790)
	at com.mysql.jdbc.JDBC4Connection.<init>(JDBC4Connection.java:44)
	at sun.reflect.NativeConstructorAccessorImpl.newInstance0(Native Method)
	at sun.reflect.NativeConstructorAccessorImpl.newInstance(NativeConstructorAccessorImpl.java:62)
	at sun.reflect.DelegatingConstructorAccessorImpl.newInstance(DelegatingConstructorAccessorImpl.java:45)
	at java.lang.reflect.Constructor.newInstance(Constructor.java:423)
	at com.mysql.jdbc.Util.handleNewInstance(Util.java:377)
	at com.mysql.jdbc.ConnectionImpl.getInstance(ConnectionImpl.java:395)
	at com.mysql.jdbc.NonRegisteringDriver.connect(NonRegisteringDriver.java:325)
	at com.alibaba.druid.filter.FilterChainImpl.connection_connect(FilterChainImpl.java:148)
	at com.alibaba.druid.filter.stat.StatFilter.connection_connect(StatFilter.java:220)
	at com.alibaba.druid.filter.FilterChainImpl.connection_connect(FilterChainImpl.java:142)
	at com.alibaba.druid.pool.DruidAbstractDataSource.createPhysicalConnection(DruidAbstractDataSource.java:1463)
	at com.alibaba.druid.pool.DruidAbstractDataSource.createPhysicalConnection(DruidAbstractDataSource.java:1525)
	at com.alibaba.druid.pool.DruidDataSource$CreateConnectionThread.run(DruidDataSource.java:2100)
2026-06-20 05:43:57 ERROR create connection error, url: jdbc:mysql://127.0.0.1:3306/sanguo_game?useUnicode=true&characterEncoding=utf8, errorCode 1130, state HY000
java.sql.SQLException: null,  message from server: "Host '127.0.0.1' is not allowed to connect to this MySQL server"
	at com.mysql.jdbc.SQLError.createSQLException(SQLError.java:996)
	at com.mysql.jdbc.SQLError.createSQLException(SQLError.java:935)
	at com.mysql.jdbc.SQLError.createSQLException(SQLError.java:924)
	at com.mysql.jdbc.MysqlIO.doHandshake(MysqlIO.java:1037)
	at com.mysql.jdbc.ConnectionImpl.coreConnect(ConnectionImpl.java:2234)
	at com.mysql.jdbc.ConnectionImpl.connectOneTryOnly(ConnectionImpl.java:2265)
	at com.mysql.jdbc.ConnectionImpl.createNewIO(ConnectionImpl.java:2064)
	at com.mysql.jdbc.ConnectionImpl.<init>(ConnectionImpl.java:790)
	at com.mysql.jdbc.JDBC4Connection.<init>(JDBC4Connection.java:44)
	at sun.reflect.NativeConstructorAccessorImpl.newInstance0(Native Method)
	at sun.reflect.NativeConstructorAccessorImpl.newInstance(NativeConstructorAccessorImpl.java:62)
	at sun.reflect.DelegatingConstructorAccessorImpl.newInstance(DelegatingConstructorAccessorImpl.java:45)
	at java.lang.reflect.Constructor.newInstance(Constructor.java:423)
	at com.mysql.jdbc.Util.handleNewInstance(Util.java:377)
	at com.mysql.jdbc.ConnectionImpl.getInstance(ConnectionImpl.java:395)
	at com.mysql.jdbc.NonRegisteringDriver.connect(NonRegisteringDriver.java:325)
	at com.alibaba.druid.filter.FilterChainImpl.connection_connect(FilterChainImpl.java:148)
	at com.alibaba.druid.filter.stat.StatFilter.connection_connect(StatFilter.java:220)
	at com.alibaba.druid.filter.FilterChainImpl.connection_connect(FilterChainImpl.java:142)
	at com.alibaba.druid.pool.DruidAbstractDataSource.createPhysicalConnection(DruidAbstractDataSource.java:1463)
	at com.alibaba.druid.pool.DruidAbstractDataSource.createPhysicalConnection(DruidAbstractDataSource.java:1525)
	at com.alibaba.druid.pool.DruidDataSource$CreateConnectionThread.run(DruidDataSource.java:2100)
2026-06-20 05:43:57 ERROR create connection error, url: jdbc:mysql://127.0.0.1:3306/sanguo_game?useUnicode=true&characterEncoding=utf8, errorCode 1130, state HY000
java.sql.SQLException: null,  message from server: "Host '127.0.0.1' is not allowed to connect to this MySQL server"
	at com.mysql.jdbc.SQLError.createSQLException(SQLError.java:996)
	at com.mysql.jdbc.SQLError.createSQLException(SQLError.java:935)
	at com.mysql.jdbc.SQLError.createSQLException(SQLError.java:924)
	at com.mysql.jdbc.MysqlIO.doHandshake(MysqlIO.java:1037)
	at com.mysql.jdbc.ConnectionImpl.coreConnect(ConnectionImpl.java:2234)
	at com.mysql.jdbc.ConnectionImpl.connectOneTryOnly(ConnectionImpl.java:2265)
	at com.mysql.jdbc.ConnectionImpl.createNewIO(ConnectionImpl.java:2064)
	at com.mysql.jdbc.ConnectionImpl.<init>(ConnectionImpl.java:790)
	at com.mysql.jdbc.JDBC4Connection.<init>(JDBC4Connection.java:44)
	at sun.reflect.NativeConstructorAccessorImpl.newInstance0(Native Method)
	at sun.reflect.NativeConstructorAccessorImpl.newInstance(NativeConstructorAccessorImpl.java:62)
	at sun.reflect.DelegatingConstructorAccessorImpl.newInstance(DelegatingConstructorAccessorImpl.java:45)
	at java.lang.reflect.Constructor.newInstance(Constructor.java:423)
	at com.mysql.jdbc.Util.handleNewInstance(Util.java:377)
	at com.mysql.jdbc.ConnectionImpl.getInstance(ConnectionImpl.java:395)
	at com.mysql.jdbc.NonRegisteringDriver.connect(NonRegisteringDriver.java:325)
	at com.alibaba.druid.filter.FilterChainImpl.connection_connect(FilterChainImpl.java:148)
	at com.alibaba.druid.filter.stat.StatFilter.connection_connect(StatFilter.java:220)
	at com.alibaba.druid.filter.FilterChainImpl.connection_connect(FilterChainImpl.java:142)
	at com.alibaba.druid.pool.DruidAbstractDataSource.createPhysicalConnection(DruidAbstractDataSource.java:1463)
	at com.alibaba.druid.pool.DruidAbstractDataSource.createPhysicalConnection(DruidAbstractDataSource.java:1525)
	at com.alibaba.druid.pool.DruidDataSource$CreateConnectionThread.run(DruidDataSource.java:2100)
2026-06-20 05:43:57 ERROR create connection error, url: jdbc:mysql://127.0.0.1:3306/sanguo_game?useUnicode=true&characterEncoding=utf8, errorCode 1130, state HY000
java.sql.SQLException: null,  message from server: "Host '127.0.0.1' is not allowed to connect to this MySQL server"
	at com.mysql.jdbc.SQLError.createSQLException(SQLError.java:996)
	at com.mysql.jdbc.SQLError.createSQLException(SQLError.java:935)
	at com.mysql.jdbc.SQLError.createSQLException(SQLError.java:924)
	at com.mysql.jdbc.MysqlIO.doHandshake(MysqlIO.java:1037)
	at com.mysql.jdbc.ConnectionImpl.coreConnect(ConnectionImpl.java:2234)
	at com.mysql.jdbc.ConnectionImpl.connectOneTryOnly(ConnectionImpl.java:2265)
	at com.mysql.jdbc.ConnectionImpl.createNewIO(ConnectionImpl.java:2064)
	at com.mysql.jdbc.ConnectionImpl.<init>(ConnectionImpl.java:790)
	at com.mysql.jdbc.JDBC4Connection.<init>(JDBC4Connection.java:44)
	at sun.reflect.NativeConstructorAccessorImpl.newInstance0(Native Method)
	at sun.reflect.NativeConstructorAccessorImpl.newInstance(NativeConstructorAccessorImpl.java:62)
	at sun.reflect.DelegatingConstructorAccessorImpl.newInstance(DelegatingConstructorAccessorImpl.java:45)
	at java.lang.reflect.Constructor.newInstance(Constructor.java:423)
	at com.mysql.jdbc.Util.handleNewInstance(Util.java:377)
	at com.mysql.jdbc.ConnectionImpl.getInstance(ConnectionImpl.java:395)
	at com.mysql.jdbc.NonRegisteringDriver.connect(NonRegisteringDriver.java:325)
	at com.alibaba.druid.filter.FilterChainImpl.connection_connect(FilterChainImpl.java:148)
	at com.alibaba.druid.filter.stat.StatFilter.connection_connect(StatFilter.java:220)
	at com.alibaba.druid.filter.FilterChainImpl.connection_connect(FilterChainImpl.java:142)
	at com.alibaba.druid.pool.DruidAbstractDataSource.createPhysicalConnection(DruidAbstractDataSource.java:1463)
	at com.alibaba.druid.pool.DruidAbstractDataSource.createPhysicalConnection(DruidAbstractDataSource.java:1525)
	at com.alibaba.druid.pool.DruidDataSource$CreateConnectionThread.run(DruidDataSource.java:2100)
2026-06-20 05:43:57 ERROR create connection error, url: jdbc:mysql://127.0.0.1:3306/sanguo_game?useUnicode=true&characterEncoding=utf8, errorCode 1130, state HY000
java.sql.SQLException: null,  message from server: "Host '127.0.0.1' is not allowed to connect to this MySQL server"
	at com.mysql.jdbc.SQLError.createSQLException(SQLError.java:996)
	at com.mysql.jdbc.SQLError.createSQLException(SQLError.java:935)
	at com.mysql.jdbc.SQLError.createSQLException(SQLError.java:924)
	at com.mysql.jdbc.MysqlIO.doHandshake(MysqlIO.java:1037)
	at com.mysql.jdbc.ConnectionImpl.coreConnect(ConnectionImpl.java:2234)
	at com.mysql.jdbc.ConnectionImpl.connectOneTryOnly(ConnectionImpl.java:2265)
	at com.mysql.jdbc.ConnectionImpl.createNewIO(ConnectionImpl.java:2064)
	at com.mysql.jdbc.ConnectionImpl.<init>(ConnectionImpl.java:790)
	at com.mysql.jdbc.JDBC4Connection.<init>(JDBC4Connection.java:44)
	at sun.reflect.NativeConstructorAccessorImpl.newInstance0(Native Method)
	at sun.reflect.NativeConstructorAccessorImpl.newInstance(NativeConstructorAccessorImpl.java:62)
	at sun.reflect.DelegatingConstructorAccessorImpl.newInstance(DelegatingConstructorAccessorImpl.java:45)
	at java.lang.reflect.Constructor.newInstance(Constructor.java:423)
	at com.mysql.jdbc.Util.handleNewInstance(Util.java:377)
	at com.mysql.jdbc.ConnectionImpl.getInstance(ConnectionImpl.java:395)
	at com.mysql.jdbc.NonRegisteringDriver.connect(NonRegisteringDriver.java:325)
	at com.alibaba.druid.filter.FilterChainImpl.connection_connect(FilterChainImpl.java:148)
	at com.alibaba.druid.filter.stat.StatFilter.connection_connect(StatFilter.java:220)
	at com.alibaba.druid.filter.FilterChainImpl.connection_connect(FilterChainImpl.java:142)
	at com.alibaba.druid.pool.DruidAbstractDataSource.createPhysicalConnection(DruidAbstractDataSource.java:1463)
	at com.alibaba.druid.pool.DruidAbstractDataSource.createPhysicalConnection(DruidAbstractDataSource.java:1525)
	at com.alibaba.druid.pool.DruidDataSource$CreateConnectionThread.run(DruidDataSource.java:2100)
2026-06-20 05:43:57 ERROR create connection error, url: jdbc:mysql://127.0.0.1:3306/sanguo_game?useUnicode=true&characterEncoding=utf8, errorCode 1130, state HY000
java.sql.SQLException: null,  message from server: "Host '127.0.0.1' is not allowed to connect to this MySQL server"
	at com.mysql.jdbc.SQLError.createSQLException(SQLError.java:996)
	at com.mysql.jdbc.SQLError.createSQLException(SQLError.java:935)
	at com.mysql.jdbc.SQLError.createSQLException(SQLError.java:924)
	at com.mysql.jdbc.MysqlIO.doHandshake(MysqlIO.java:1037)
	at com.mysql.jdbc.ConnectionImpl.coreConnect(ConnectionImpl.java:2234)
	at com.mysql.jdbc.ConnectionImpl.connectOneTryOnly(ConnectionImpl.java:2265)
	at com.mysql.jdbc.ConnectionImpl.createNewIO(ConnectionImpl.java:2064)
	at com.mysql.jdbc.ConnectionImpl.<init>(ConnectionImpl.java:790)
	at com.mysql.jdbc.JDBC4Connection.<init>(JDBC4Connection.java:44)
	at sun.reflect.NativeConstructorAccessorImpl.newInstance0(Native Method)
	at sun.reflect.NativeConstructorAccessorImpl.newInstance(NativeConstructorAccessorImpl.java:62)
	at sun.reflect.DelegatingConstructorAccessorImpl.newInstance(DelegatingConstructorAccessorImpl.java:45)
	at java.lang.reflect.Constructor.newInstance(Constructor.java:423)
	at com.mysql.jdbc.Util.handleNewInstance(Util.java:377)
	at com.mysql.jdbc.ConnectionImpl.getInstance(ConnectionImpl.java:395)
	at com.mysql.jdbc.NonRegisteringDriver.connect(NonRegisteringDriver.java:325)
	at com.alibaba.druid.filter.FilterChainImpl.connection_connect(FilterChainImpl.java:148)
	at com.alibaba.druid.filter.stat.StatFilter.connection_connect(StatFilter.java:220)
	at com.alibaba.druid.filter.FilterChainImpl.connection_connect(FilterChainImpl.java:142)
	at com.alibaba.druid.pool.DruidAbstractDataSource.createPhysicalConnection(DruidAbstractDataSource.java:1463)
	at com.alibaba.druid.pool.DruidAbstractDataSource.createPhysicalConnection(DruidAbstractDataSource.java:1525)
	at com.alibaba.druid.pool.DruidDataSource$CreateConnectionThread.run(DruidDataSource.java:2100)
2026-06-20 05:43:57 ERROR create connection error, url: jdbc:mysql://127.0.0.1:3306/sanguo_game?useUnicode=true&characterEncoding=utf8, errorCode 1130, state HY000
java.sql.SQLException: null,  message from server: "Host '127.0.0.1' is not allowed to connect to this MySQL server"
	at com.mysql.jdbc.SQLError.createSQLException(SQLError.java:996)
	at com.mysql.jdbc.SQLError.createSQLException(SQLError.java:935)
	at com.mysql.jdbc.SQLError.createSQLException(SQLError.java:924)
	at com.mysql.jdbc.MysqlIO.doHandshake(MysqlIO.java:1037)
	at com.mysql.jdbc.ConnectionImpl.coreConnect(ConnectionImpl.java:2234)
	at com.mysql.jdbc.ConnectionImpl.connectOneTryOnly(ConnectionImpl.java:2265)
	at com.mysql.jdbc.ConnectionImpl.createNewIO(ConnectionImpl.java:2064)
	at com.mysql.jdbc.ConnectionImpl.<init>(ConnectionImpl.java:790)
	at com.mysql.jdbc.JDBC4Connection.<init>(JDBC4Connection.java:44)
	at sun.reflect.NativeConstructorAccessorImpl.newInstance0(Native Method)
	at sun.reflect.NativeConstructorAccessorImpl.newInstance(NativeConstructorAccessorImpl.java:62)
	at sun.reflect.DelegatingConstructorAccessorImpl.newInstance(DelegatingConstructorAccessorImpl.java:45)
	at java.lang.reflect.Constructor.newInstance(Constructor.java:423)
	at com.mysql.jdbc.Util.handleNewInstance(Util.java:377)
	at com.mysql.jdbc.ConnectionImpl.getInstance(ConnectionImpl.java:395)
	at com.mysql.jdbc.NonRegisteringDriver.connect(NonRegisteringDriver.java:325)
	at com.alibaba.druid.filter.FilterChainImpl.connection_connect(FilterChainImpl.java:148)
	at com.alibaba.druid.filter.stat.StatFilter.connection_connect(StatFilter.java:220)
	at com.alibaba.druid.filter.FilterChainImpl.connection_connect(FilterChainImpl.java:142)
	at com.alibaba.druid.pool.DruidAbstractDataSource.createPhysicalConnection(DruidAbstractDataSource.java:1463)
	at com.alibaba.druid.pool.DruidAbstractDataSource.createPhysicalConnection(DruidAbstractDataSource.java:1525)
	at com.alibaba.druid.pool.DruidDataSource$CreateConnectionThread.run(DruidDataSource.java:2100)
2026-06-20 05:43:57 ERROR create connection error, url: jdbc:mysql://127.0.0.1:3306/sanguo_game?useUnicode=true&characterEncoding=utf8, errorCode 1130, state HY000
java.sql.SQLException: null,  message from server: "Host '127.0.0.1' is not allowed to connect to this MySQL server"
	at com.mysql.jdbc.SQLError.createSQLException(SQLError.java:996)
	at com.mysql.jdbc.SQLError.createSQLException(SQLError.java:935)
	at com.mysql.jdbc.SQLError.createSQLException(SQLError.java:924)
	at com.mysql.jdbc.MysqlIO.doHandshake(MysqlIO.java:1037)
	at com.mysql.jdbc.ConnectionImpl.coreConnect(ConnectionImpl.java:2234)
	at com.mysql.jdbc.ConnectionImpl.connectOneTryOnly(ConnectionImpl.java:2265)
	at com.mysql.jdbc.ConnectionImpl.createNewIO(ConnectionImpl.java:2064)
	at com.mysql.jdbc.ConnectionImpl.<init>(ConnectionImpl.java:790)
	at com.mysql.jdbc.JDBC4Connection.<init>(JDBC4Connection.java:44)
	at sun.reflect.NativeConstructorAccessorImpl.newInstance0(Native Method)
	at sun.reflect.NativeConstructorAccessorImpl.newInstance(NativeConstructorAccessorImpl.java:62)
	at sun.reflect.DelegatingConstructorAccessorImpl.newInstance(DelegatingConstructorAccessorImpl.java:45)
	at java.lang.reflect.Constructor.newInstance(Constructor.java:423)
	at com.mysql.jdbc.Util.handleNewInstance(Util.java:377)
	at com.mysql.jdbc.ConnectionImpl.getInstance(ConnectionImpl.java:395)
	at com.mysql.jdbc.NonRegisteringDriver.connect(NonRegisteringDriver.java:325)
	at com.alibaba.druid.filter.FilterChainImpl.connection_connect(FilterChainImpl.java:148)
	at com.alibaba.druid.filter.stat.StatFilter.connection_connect(StatFilter.java:220)
	at com.alibaba.druid.filter.FilterChainImpl.connection_connect(FilterChainImpl.java:142)
	at com.alibaba.druid.pool.DruidAbstractDataSource.createPhysicalConnection(DruidAbstractDataSource.java:1463)
	at com.alibaba.druid.pool.DruidAbstractDataSource.createPhysicalConnection(DruidAbstractDataSource.java:1525)
	at com.alibaba.druid.pool.DruidDataSource$CreateConnectionThread.run(DruidDataSource.java:2100)
2026-06-20 05:43:57 ERROR create connection error, url: jdbc:mysql://127.0.0.1:3306/sanguo_game?useUnicode=true&characterEncoding=utf8, errorCode 1130, state HY000
java.sql.SQLException: null,  message from server: "Host '127.0.0.1' is not allowed to connect to this MySQL server"
	at com.mysql.jdbc.SQLError.createSQLException(SQLError.java:996)
	at com.mysql.jdbc.SQLError.createSQLException(SQLError.java:935)
	at com.mysql.jdbc.SQLError.createSQLException(SQLError.java:924)
	at com.mysql.jdbc.MysqlIO.doHandshake(MysqlIO.java:1037)
	at com.mysql.jdbc.ConnectionImpl.coreConnect(ConnectionImpl.java:2234)
	at com.mysql.jdbc.ConnectionImpl.connectOneTryOnly(ConnectionImpl.java:2265)
	at com.mysql.jdbc.ConnectionImpl.createNewIO(ConnectionImpl.java:2064)
	at com.mysql.jdbc.ConnectionImpl.<init>(ConnectionImpl.java:790)
	at com.mysql.jdbc.JDBC4Connection.<init>(JDBC4Connection.java:44)
	at sun.reflect.NativeConstructorAccessorImpl.newInstance0(Native Method)
	at sun.reflect.NativeConstructorAccessorImpl.newInstance(NativeConstructorAccessorImpl.java:62)
	at sun.reflect.DelegatingConstructorAccessorImpl.newInstance(DelegatingConstructorAccessorImpl.java:45)
	at java.lang.reflect.Constructor.newInstance(Constructor.java:423)
	at com.mysql.jdbc.Util.handleNewInstance(Util.java:377)
	at com.mysql.jdbc.ConnectionImpl.getInstance(ConnectionImpl.java:395)
	at com.mysql.jdbc.NonRegisteringDriver.connect(NonRegisteringDriver.java:325)
	at com.alibaba.druid.filter.FilterChainImpl.connection_connect(FilterChainImpl.java:148)
	at com.alibaba.druid.filter.stat.StatFilter.connection_connect(StatFilter.java:220)
	at com.alibaba.druid.filter.FilterChainImpl.connection_connect(FilterChainImpl.java:142)
	at com.alibaba.druid.pool.DruidAbstractDataSource.createPhysicalConnection(DruidAbstractDataSource.java:1463)
	at com.alibaba.druid.pool.DruidAbstractDataSource.createPhysicalConnection(DruidAbstractDataSource.java:1525)
	at com.alibaba.druid.pool.DruidDataSource$CreateConnectionThread.run(DruidDataSource.java:2100)
2026-06-20 05:43:57 ERROR create connection error, url: jdbc:mysql://127.0.0.1:3306/sanguo_game?useUnicode=true&characterEncoding=utf8, errorCode 1130, state HY000
java.sql.SQLException: null,  message from server: "Host '127.0.0.1' is not allowed to connect to this MySQL server"
	at com.mysql.jdbc.SQLError.createSQLException(SQLError.java:996)
	at com.mysql.jdbc.SQLError.createSQLException(SQLError.java:935)
	at com.mysql.jdbc.SQLError.createSQLException(SQLError.java:924)
	at com.mysql.jdbc.MysqlIO.doHandshake(MysqlIO.java:1037)
	at com.mysql.jdbc.ConnectionImpl.coreConnect(ConnectionImpl.java:2234)
	at com.mysql.jdbc.ConnectionImpl.connectOneTryOnly(ConnectionImpl.java:2265)
	at com.mysql.jdbc.ConnectionImpl.createNewIO(ConnectionImpl.java:2064)
	at com.mysql.jdbc.ConnectionImpl.<init>(ConnectionImpl.java:790)
	at com.mysql.jdbc.JDBC4Connection.<init>(JDBC4Connection.java:44)
	at sun.reflect.GeneratedConstructorAccessor3.newInstance(Unknown Source)
	at sun.reflect.DelegatingConstructorAccessorImpl.newInstance(DelegatingConstructorAccessorImpl.java:45)
	at java.lang.reflect.Constructor.newInstance(Constructor.java:423)
	at com.mysql.jdbc.Util.handleNewInstance(Util.java:377)
	at com.mysql.jdbc.ConnectionImpl.getInstance(ConnectionImpl.java:395)
	at com.mysql.jdbc.NonRegisteringDriver.connect(NonRegisteringDriver.java:325)
	at com.alibaba.druid.filter.FilterChainImpl.connection_connect(FilterChainImpl.java:148)
	at com.alibaba.druid.filter.stat.StatFilter.connection_connect(StatFilter.java:220)
	at com.alibaba.druid.filter.FilterChainImpl.connection_connect(FilterChainImpl.java:142)
	at com.alibaba.druid.pool.DruidAbstractDataSource.createPhysicalConnection(DruidAbstractDataSource.java:1463)
	at com.alibaba.druid.pool.DruidAbstractDataSource.createPhysicalConnection(DruidAbstractDataSource.java:1525)
	at com.alibaba.druid.pool.DruidDataSource$CreateConnectionThread.run(DruidDataSource.java:2100)
2026-06-20 05:43:57 ERROR create connection error, url: jdbc:mysql://127.0.0.1:3306/sanguo_game?useUnicode=true&characterEncoding=utf8, errorCode 1130, state HY000
java.sql.SQLException: null,  message from server: "Host '127.0.0.1' is not allowed to connect to this MySQL server"
	at com.mysql.jdbc.SQLError.createSQLException(SQLError.java:996)
	at com.mysql.jdbc.SQLError.createSQLException(SQLError.java:935)
	at com.mysql.jdbc.SQLError.createSQLException(SQLError.java:924)
	at com.mysql.jdbc.MysqlIO.doHandshake(MysqlIO.java:1037)
	at com.mysql.jdbc.ConnectionImpl.coreConnect(ConnectionImpl.java:2234)
	at com.mysql.jdbc.ConnectionImpl.connectOneTryOnly(ConnectionImpl.java:2265)
	at com.mysql.jdbc.ConnectionImpl.createNewIO(ConnectionImpl.java:2064)
	at com.mysql.jdbc.ConnectionImpl.<init>(ConnectionImpl.java:790)
	at com.mysql.jdbc.JDBC4Connection.<init>(JDBC4Connection.java:44)
	at sun.reflect.GeneratedConstructorAccessor3.newInstance(Unknown Source)
	at sun.reflect.DelegatingConstructorAccessorImpl.newInstance(DelegatingConstructorAccessorImpl.java:45)
	at java.lang.reflect.Constructor.newInstance(Constructor.java:423)
	at com.mysql.jdbc.Util.handleNewInstance(Util.java:377)
	at com.mysql.jdbc.ConnectionImpl.getInstance(ConnectionImpl.java:395)
	at com.mysql.jdbc.NonRegisteringDriver.connect(NonRegisteringDriver.java:325)
	at com.alibaba.druid.filter.FilterChainImpl.connection_connect(FilterChainImpl.java:148)
	at com.alibaba.druid.filter.stat.StatFilter.connection_connect(StatFilter.java:220)
	at com.alibaba.druid.filter.FilterChainImpl.connection_connect(FilterChainImpl.java:142)
	at com.alibaba.druid.pool.DruidAbstractDataSource.createPhysicalConnection(DruidAbstractDataSource.java:1463)
	at com.alibaba.druid.pool.DruidAbstractDataSource.createPhysicalConnection(DruidAbstractDataSource.java:1525)
	at com.alibaba.druid.pool.DruidDataSource$CreateConnectionThread.run(DruidDataSource.java:2100)
2026-06-20 05:43:57 ERROR create connection error, url: jdbc:mysql://127.0.0.1:3306/sanguo_game?useUnicode=true&characterEncoding=utf8, errorCode 1130, state HY000
java.sql.SQLException: null,  message from server: "Host '127.0.0.1' is not allowed to connect to this MySQL server"
	at com.mysql.jdbc.SQLError.createSQLException(SQLError.java:996)
	at com.mysql.jdbc.SQLError.createSQLException(SQLError.java:935)
	at com.mysql.jdbc.SQLError.createSQLException(SQLError.java:924)
	at com.mysql.jdbc.MysqlIO.doHandshake(MysqlIO.java:1037)
	at com.mysql.jdbc.ConnectionImpl.coreConnect(ConnectionImpl.java:2234)
	at com.mysql.jdbc.ConnectionImpl.connectOneTryOnly(ConnectionImpl.java:2265)
	at com.mysql.jdbc.ConnectionImpl.createNewIO(ConnectionImpl.java:2064)
	at com.mysql.jdbc.ConnectionImpl.<init>(ConnectionImpl.java:790)
	at com.mysql.jdbc.JDBC4Connection.<init>(JDBC4Connection.java:44)
	at sun.reflect.GeneratedConstructorAccessor3.newInstance(Unknown Source)
	at sun.reflect.DelegatingConstructorAccessorImpl.newInstance(DelegatingConstructorAccessorImpl.java:45)
	at java.lang.reflect.Constructor.newInstance(Constructor.java:423)
	at com.mysql.jdbc.Util.handleNewInstance(Util.java:377)
	at com.mysql.jdbc.ConnectionImpl.getInstance(ConnectionImpl.java:395)
	at com.mysql.jdbc.NonRegisteringDriver.connect(NonRegisteringDriver.java:325)
	at com.alibaba.druid.filter.FilterChainImpl.connection_connect(FilterChainImpl.java:148)
	at com.alibaba.druid.filter.stat.StatFilter.connection_connect(StatFilter.java:220)
	at com.alibaba.druid.filter.FilterChainImpl.connection_connect(FilterChainImpl.java:142)
	at com.alibaba.druid.pool.DruidAbstractDataSource.createPhysicalConnection(DruidAbstractDataSource.java:1463)
	at com.alibaba.druid.pool.DruidAbstractDataSource.createPhysicalConnection(DruidAbstractDataSource.java:1525)
	at com.alibaba.druid.pool.DruidDataSource$CreateConnectionThread.run(DruidDataSource.java:2100)
2026-06-20 05:43:57 ERROR create connection error, url: jdbc:mysql://127.0.0.1:3306/sanguo_game?useUnicode=true&characterEncoding=utf8, errorCode 1130, state HY000
java.sql.SQLException: null,  message from server: "Host '127.0.0.1' is not allowed to connect to this MySQL server"
	at com.mysql.jdbc.SQLError.createSQLException(SQLError.java:996)
	at com.mysql.jdbc.SQLError.createSQLException(SQLError.java:935)
	at com.mysql.jdbc.SQLError.createSQLException(SQLError.java:924)
	at com.mysql.jdbc.MysqlIO.doHandshake(MysqlIO.java:1037)
	at com.mysql.jdbc.ConnectionImpl.coreConnect(ConnectionImpl.java:2234)
	at com.mysql.jdbc.ConnectionImpl.connectOneTryOnly(ConnectionImpl.java:2265)
	at com.mysql.jdbc.ConnectionImpl.createNewIO(ConnectionImpl.java:2064)
	at com.mysql.jdbc.ConnectionImpl.<init>(ConnectionImpl.java:790)
	at com.mysql.jdbc.JDBC4Connection.<init>(JDBC4Connection.java:44)
	at sun.reflect.GeneratedConstructorAccessor3.newInstance(Unknown Source)
	at sun.reflect.DelegatingConstructorAccessorImpl.newInstance(DelegatingConstructorAccessorImpl.java:45)
	at java.lang.reflect.Constructor.newInstance(Constructor.java:423)
	at com.mysql.jdbc.Util.handleNewInstance(Util.java:377)
	at com.mysql.jdbc.ConnectionImpl.getInstance(ConnectionImpl.java:395)
	at com.mysql.jdbc.NonRegisteringDriver.connect(NonRegisteringDriver.java:325)
	at com.alibaba.druid.filter.FilterChainImpl.connection_connect(FilterChainImpl.java:148)
	at com.alibaba.druid.filter.stat.StatFilter.connection_connect(StatFilter.java:220)
	at com.alibaba.druid.filter.FilterChainImpl.connection_connect(FilterChainImpl.java:142)
	at com.alibaba.druid.pool.DruidAbstractDataSource.createPhysicalConnection(DruidAbstractDataSource.java:1463)
	at com.alibaba.druid.pool.DruidAbstractDataSource.createPhysicalConnection(DruidAbstractDataSource.java:1525)
	at com.alibaba.druid.pool.DruidDataSource$CreateConnectionThread.run(DruidDataSource.java:2100)
2026-06-20 05:43:57 ERROR create connection error, url: jdbc:mysql://127.0.0.1:3306/sanguo_game?useUnicode=true&characterEncoding=utf8, errorCode 1130, state HY000
java.sql.SQLException: null,  message from server: "Host '127.0.0.1' is not allowed to connect to this MySQL server"
	at com.mysql.jdbc.SQLError.createSQLException(SQLError.java:996)
	at com.mysql.jdbc.SQLError.createSQLException(SQLError.java:935)
	at com.mysql.jdbc.SQLError.createSQLException(SQLError.java:924)
	at com.mysql.jdbc.MysqlIO.doHandshake(MysqlIO.java:1037)
	at com.mysql.jdbc.ConnectionImpl.coreConnect(ConnectionImpl.java:2234)
	at com.mysql.jdbc.ConnectionImpl.connectOneTryOnly(ConnectionImpl.java:2265)
	at com.mysql.jdbc.ConnectionImpl.createNewIO(ConnectionImpl.java:2064)
	at com.mysql.jdbc.ConnectionImpl.<init>(ConnectionImpl.java:790)
	at com.mysql.jdbc.JDBC4Connection.<init>(JDBC4Connection.java:44)
	at sun.reflect.GeneratedConstructorAccessor3.newInstance(Unknown Source)
	at sun.reflect.DelegatingConstructorAccessorImpl.newInstance(DelegatingConstructorAccessorImpl.java:45)
	at java.lang.reflect.Constructor.newInstance(Constructor.java:423)
	at com.mysql.jdbc.Util.handleNewInstance(Util.java:377)
	at com.mysql.jdbc.ConnectionImpl.getInstance(ConnectionImpl.java:395)
	at com.mysql.jdbc.NonRegisteringDriver.connect(NonRegisteringDriver.java:325)
	at com.alibaba.druid.filter.FilterChainImpl.connection_connect(FilterChainImpl.java:148)
	at com.alibaba.druid.filter.stat.StatFilter.connection_connect(StatFilter.java:220)
	at com.alibaba.druid.filter.FilterChainImpl.connection_connect(FilterChainImpl.java:142)
	at com.alibaba.druid.pool.DruidAbstractDataSource.createPhysicalConnection(DruidAbstractDataSource.java:1463)
	at com.alibaba.druid.pool.DruidAbstractDataSource.createPhysicalConnection(DruidAbstractDataSource.java:1525)
	at com.alibaba.druid.pool.DruidDataSource$CreateConnectionThread.run(DruidDataSource.java:2100)
2026-06-20 05:43:57 ERROR create connection error, url: jdbc:mysql://127.0.0.1:3306/sanguo_game?useUnicode=true&characterEncoding=utf8, errorCode 1130, state HY000
java.sql.SQLException: null,  message from server: "Host '127.0.0.1' is not allowed to connect to this MySQL server"
	at com.mysql.jdbc.SQLError.createSQLException(SQLError.java:996)
	at com.mysql.jdbc.SQLError.createSQLException(SQLError.java:935)
	at com.mysql.jdbc.SQLError.createSQLException(SQLError.java:924)
	at com.mysql.jdbc.MysqlIO.doHandshake(MysqlIO.java:1037)
	at com.mysql.jdbc.ConnectionImpl.coreConnect(ConnectionImpl.java:2234)
	at com.mysql.jdbc.ConnectionImpl.connectOneTryOnly(ConnectionImpl.java:2265)
	at com.mysql.jdbc.ConnectionImpl.createNewIO(ConnectionImpl.java:2064)
	at com.mysql.jdbc.ConnectionImpl.<init>(ConnectionImpl.java:790)
	at com.mysql.jdbc.JDBC4Connection.<init>(JDBC4Connection.java:44)
	at sun.reflect.GeneratedConstructorAccessor3.newInstance(Unknown Source)
	at sun.reflect.DelegatingConstructorAccessorImpl.newInstance(DelegatingConstructorAccessorImpl.java:45)
	at java.lang.reflect.Constructor.newInstance(Constructor.java:423)
	at com.mysql.jdbc.Util.handleNewInstance(Util.java:377)
	at com.mysql.jdbc.ConnectionImpl.getInstance(ConnectionImpl.java:395)
	at com.mysql.jdbc.NonRegisteringDriver.connect(NonRegisteringDriver.java:325)
	at com.alibaba.druid.filter.FilterChainImpl.connection_connect(FilterChainImpl.java:148)
	at com.alibaba.druid.filter.stat.StatFilter.connection_connect(StatFilter.java:220)
	at com.alibaba.druid.filter.FilterChainImpl.connection_connect(FilterChainImpl.java:142)
	at com.alibaba.druid.pool.DruidAbstractDataSource.createPhysicalConnection(DruidAbstractDataSource.java:1463)
	at com.alibaba.druid.pool.DruidAbstractDataSource.createPhysicalConnection(DruidAbstractDataSource.java:1525)
	at com.alibaba.druid.pool.DruidDataSource$CreateConnectionThread.run(DruidDataSource.java:2100)
2026-06-20 05:43:57 ERROR create connection error, url: jdbc:mysql://127.0.0.1:3306/sanguo_game?useUnicode=true&characterEncoding=utf8, errorCode 1130, state HY000
java.sql.SQLException: null,  message from server: "Host '127.0.0.1' is not allowed to connect to this MySQL server"
	at com.mysql.jdbc.SQLError.createSQLException(SQLError.java:996)
	at com.mysql.jdbc.SQLError.createSQLException(SQLError.java:935)
	at com.mysql.jdbc.SQLError.createSQLException(SQLError.java:924)
	at com.mysql.jdbc.MysqlIO.doHandshake(MysqlIO.java:1037)
	at com.mysql.jdbc.ConnectionImpl.coreConnect(ConnectionImpl.java:2234)
	at com.mysql.jdbc.ConnectionImpl.connectOneTryOnly(ConnectionImpl.java:2265)
	at com.mysql.jdbc.ConnectionImpl.createNewIO(ConnectionImpl.java:2064)
	at com.mysql.jdbc.ConnectionImpl.<init>(ConnectionImpl.java:790)
	at com.mysql.jdbc.JDBC4Connection.<init>(JDBC4Connection.java:44)
	at sun.reflect.GeneratedConstructorAccessor3.newInstance(Unknown Source)
	at sun.reflect.DelegatingConstructorAccessorImpl.newInstance(DelegatingConstructorAccessorImpl.java:45)
	at java.lang.reflect.Constructor.newInstance(Constructor.java:423)
	at com.mysql.jdbc.Util.handleNewInstance(Util.java:377)
	at com.mysql.jdbc.ConnectionImpl.getInstance(ConnectionImpl.java:395)
	at com.mysql.jdbc.NonRegisteringDriver.connect(NonRegisteringDriver.java:325)
	at com.alibaba.druid.filter.FilterChainImpl.connection_connect(FilterChainImpl.java:148)
	at com.alibaba.druid.filter.stat.StatFilter.connection_connect(StatFilter.java:220)
	at com.alibaba.druid.filter.FilterChainImpl.connection_connect(FilterChainImpl.java:142)
	at com.alibaba.druid.pool.DruidAbstractDataSource.createPhysicalConnection(DruidAbstractDataSource.java:1463)
	at com.alibaba.druid.pool.DruidAbstractDataSource.createPhysicalConnection(DruidAbstractDataSource.java:1525)
	at com.alibaba.druid.pool.DruidDataSource$CreateConnectionThread.run(DruidDataSource.java:2100)
2026-06-20 05:43:57 ERROR create connection error, url: jdbc:mysql://127.0.0.1:3306/sanguo_game?useUnicode=true&characterEncoding=utf8, errorCode 1130, state HY000
java.sql.SQLException: null,  message from server: "Host '127.0.0.1' is not allowed to connect to this MySQL server"
	at com.mysql.jdbc.SQLError.createSQLException(SQLError.java:996)
	at com.mysql.jdbc.SQLError.createSQLException(SQLError.java:935)
	at com.mysql.jdbc.SQLError.createSQLException(SQLError.java:924)
	at com.mysql.jdbc.MysqlIO.doHandshake(MysqlIO.java:1037)
	at com.mysql.jdbc.ConnectionImpl.coreConnect(ConnectionImpl.java:2234)
	at com.mysql.jdbc.ConnectionImpl.connectOneTryOnly(ConnectionImpl.java:2265)
	at com.mysql.jdbc.ConnectionImpl.createNewIO(ConnectionImpl.java:2064)
	at com.mysql.jdbc.ConnectionImpl.<init>(ConnectionImpl.java:790)
	at com.mysql.jdbc.JDBC4Connection.<init>(JDBC4Connection.java:44)
	at sun.reflect.GeneratedConstructorAccessor3.newInstance(Unknown Source)
	at sun.reflect.DelegatingConstructorAccessorImpl.newInstance(DelegatingConstructorAccessorImpl.java:45)
	at java.lang.reflect.Constructor.newInstance(Constructor.java:423)
	at com.mysql.jdbc.Util.handleNewInstance(Util.java:377)
	at com.mysql.jdbc.ConnectionImpl.getInstance(ConnectionImpl.java:395)
	at com.mysql.jdbc.NonRegisteringDriver.connect(NonRegisteringDriver.java:325)
	at com.alibaba.druid.filter.FilterChainImpl.connection_connect(FilterChainImpl.java:148)
	at com.alibaba.druid.filter.stat.StatFilter.connection_connect(StatFilter.java:220)
	at com.alibaba.druid.filter.FilterChainImpl.connection_connect(FilterChainImpl.java:142)
	at com.alibaba.druid.pool.DruidAbstractDataSource.createPhysicalConnection(DruidAbstractDataSource.java:1463)
	at com.alibaba.druid.pool.DruidAbstractDataSource.createPhysicalConnection(DruidAbstractDataSource.java:1525)
	at com.alibaba.druid.pool.DruidDataSource$CreateConnectionThread.run(DruidDataSource.java:2100)
2026-06-20 05:43:57 ERROR create connection error, url: jdbc:mysql://127.0.0.1:3306/sanguo_game?useUnicode=true&characterEncoding=utf8, errorCode 1130, state HY000
java.sql.SQLException: null,  message from server: "Host '127.0.0.1' is not allowed to connect to this MySQL server"
	at com.mysql.jdbc.SQLError.createSQLException(SQLError.java:996)
	at com.mysql.jdbc.SQLError.createSQLException(SQLError.java:935)
	at com.mysql.jdbc.SQLError.createSQLException(SQLError.java:924)
	at com.mysql.jdbc.MysqlIO.doHandshake(MysqlIO.java:1037)
	at com.mysql.jdbc.ConnectionImpl.coreConnect(ConnectionImpl.java:2234)
	at com.mysql.jdbc.ConnectionImpl.connectOneTryOnly(ConnectionImpl.java:2265)
	at com.mysql.jdbc.ConnectionImpl.createNewIO(ConnectionImpl.java:2064)
	at com.mysql.jdbc.ConnectionImpl.<init>(ConnectionImpl.java:790)
	at com.mysql.jdbc.JDBC4Connection.<init>(JDBC4Connection.java:44)
	at sun.reflect.GeneratedConstructorAccessor3.newInstance(Unknown Source)
	at sun.reflect.DelegatingConstructorAccessorImpl.newInstance(DelegatingConstructorAccessorImpl.java:45)
	at java.lang.reflect.Constructor.newInstance(Constructor.java:423)
	at com.mysql.jdbc.Util.handleNewInstance(Util.java:377)
	at com.mysql.jdbc.ConnectionImpl.getInstance(ConnectionImpl.java:395)
	at com.mysql.jdbc.NonRegisteringDriver.connect(NonRegisteringDriver.java:325)
	at com.alibaba.druid.filter.FilterChainImpl.connection_connect(FilterChainImpl.java:148)
	at com.alibaba.druid.filter.stat.StatFilter.connection_connect(StatFilter.java:220)
	at com.alibaba.druid.filter.FilterChainImpl.connection_connect(FilterChainImpl.java:142)
	at com.alibaba.druid.pool.DruidAbstractDataSource.createPhysicalConnection(DruidAbstractDataSource.java:1463)
	at com.alibaba.druid.pool.DruidAbstractDataSource.createPhysicalConnection(DruidAbstractDataSource.java:1525)
	at com.alibaba.druid.pool.DruidDataSource$CreateConnectionThread.run(DruidDataSource.java:2100)
2026-06-20 05:43:57 ERROR create connection error, url: jdbc:mysql://127.0.0.1:3306/sanguo_game?useUnicode=true&characterEncoding=utf8, errorCode 1130, state HY000
java.sql.SQLException: null,  message from server: "Host '127.0.0.1' is not allowed to connect to this MySQL server"
	at com.mysql.jdbc.SQLError.createSQLException(SQLError.java:996)
	at com.mysql.jdbc.SQLError.createSQLException(SQLError.java:935)
	at com.mysql.jdbc.SQLError.createSQLException(SQLError.java:924)
	at com.mysql.jdbc.MysqlIO.doHandshake(MysqlIO.java:1037)
	at com.mysql.jdbc.ConnectionImpl.coreConnect(ConnectionImpl.java:2234)
	at com.mysql.jdbc.ConnectionImpl.connectOneTryOnly(ConnectionImpl.java:2265)
	at com.mysql.jdbc.ConnectionImpl.createNewIO(ConnectionImpl.java:2064)
	at com.mysql.jdbc.ConnectionImpl.<init>(ConnectionImpl.java:790)
	at com.mysql.jdbc.JDBC4Connection.<init>(JDBC4Connection.java:44)
	at sun.reflect.GeneratedConstructorAccessor3.newInstance(Unknown Source)
	at sun.reflect.DelegatingConstructorAccessorImpl.newInstance(DelegatingConstructorAccessorImpl.java:45)
	at java.lang.reflect.Constructor.newInstance(Constructor.java:423)
	at com.mysql.jdbc.Util.handleNewInstance(Util.java:377)
	at com.mysql.jdbc.ConnectionImpl.getInstance(ConnectionImpl.java:395)
	at com.mysql.jdbc.NonRegisteringDriver.connect(NonRegisteringDriver.java:325)
	at com.alibaba.druid.filter.FilterChainImpl.connection_connect(FilterChainImpl.java:148)
	at com.alibaba.druid.filter.stat.StatFilter.connection_connect(StatFilter.java:220)
	at com.alibaba.druid.filter.FilterChainImpl.connection_connect(FilterChainImpl.java:142)
	at com.alibaba.druid.pool.DruidAbstractDataSource.createPhysicalConnection(DruidAbstractDataSource.java:1463)
	at com.alibaba.druid.pool.DruidAbstractDataSource.createPhysicalConnection(DruidAbstractDataSource.java:1525)
	at com.alibaba.druid.pool.DruidDataSource$CreateConnectionThread.run(DruidDataSource.java:2100)
2026-06-20 05:43:57 ERROR create connection error, url: jdbc:mysql://127.0.0.1:3306/sanguo_game?useUnicode=true&characterEncoding=utf8, errorCode 1130, state HY000
java.sql.SQLException: null,  message from server: "Host '127.0.0.1' is not allowed to connect to this MySQL server"
	at com.mysql.jdbc.SQLError.createSQLException(SQLError.java:996)
	at com.mysql.jdbc.SQLError.createSQLException(SQLError.java:935)
	at com.mysql.jdbc.SQLError.createSQLException(SQLError.java:924)
	at com.mysql.jdbc.MysqlIO.doHandshake(MysqlIO.java:1037)
	at com.mysql.jdbc.ConnectionImpl.coreConnect(ConnectionImpl.java:2234)
	at com.mysql.jdbc.ConnectionImpl.connectOneTryOnly(ConnectionImpl.java:2265)
	at com.mysql.jdbc.ConnectionImpl.createNewIO(ConnectionImpl.java:2064)
	at com.mysql.jdbc.ConnectionImpl.<init>(ConnectionImpl.java:790)
	at com.mysql.jdbc.JDBC4Connection.<init>(JDBC4Connection.java:44)
	at sun.reflect.GeneratedConstructorAccessor3.newInstance(Unknown Source)
	at sun.reflect.DelegatingConstructorAccessorImpl.newInstance(DelegatingConstructorAccessorImpl.java:45)
	at java.lang.reflect.Constructor.newInstance(Constructor.java:423)
	at com.mysql.jdbc.Util.handleNewInstance(Util.java:377)
	at com.mysql.jdbc.ConnectionImpl.getInstance(ConnectionImpl.java:395)
	at com.mysql.jdbc.NonRegisteringDriver.connect(NonRegisteringDriver.java:325)
	at com.alibaba.druid.filter.FilterChainImpl.connection_connect(FilterChainImpl.java:148)
	at com.alibaba.druid.filter.stat.StatFilter.connection_connect(StatFilter.java:220)
	at com.alibaba.druid.filter.FilterChainImpl.connection_connect(FilterChainImpl.java:142)
	at com.alibaba.druid.pool.DruidAbstractDataSource.createPhysicalConnection(DruidAbstractDataSource.java:1463)
	at com.alibaba.druid.pool.DruidAbstractDataSource.createPhysicalConnection(DruidAbstractDataSource.java:1525)
	at com.alibaba.druid.pool.DruidDataSource$CreateConnectionThread.run(DruidDataSource.java:2100)
2026-06-20 05:43:57 ERROR create connection error, url: jdbc:mysql://127.0.0.1:3306/sanguo_game?useUnicode=true&characterEncoding=utf8, errorCode 1130, state HY000
java.sql.SQLException: null,  message from server: "Host '127.0.0.1' is not allowed to connect to this MySQL server"
	at com.mysql.jdbc.SQLError.createSQLException(SQLError.java:996)
	at com.mysql.jdbc.SQLError.createSQLException(SQLError.java:935)
	at com.mysql.jdbc.SQLError.createSQLException(SQLError.java:924)
	at com.mysql.jdbc.MysqlIO.doHandshake(MysqlIO.java:1037)
	at com.mysql.jdbc.ConnectionImpl.coreConnect(ConnectionImpl.java:2234)
	at com.mysql.jdbc.ConnectionImpl.connectOneTryOnly(ConnectionImpl.java:2265)
	at com.mysql.jdbc.ConnectionImpl.createNewIO(ConnectionImpl.java:2064)
	at com.mysql.jdbc.ConnectionImpl.<init>(ConnectionImpl.java:790)
	at com.mysql.jdbc.JDBC4Connection.<init>(JDBC4Connection.java:44)
	at sun.reflect.GeneratedConstructorAccessor3.newInstance(Unknown Source)
	at sun.reflect.DelegatingConstructorAccessorImpl.newInstance(DelegatingConstructorAccessorImpl.java:45)
	at java.lang.reflect.Constructor.newInstance(Constructor.java:423)
	at com.mysql.jdbc.Util.handleNewInstance(Util.java:377)
	at com.mysql.jdbc.ConnectionImpl.getInstance(ConnectionImpl.java:395)
	at com.mysql.jdbc.NonRegisteringDriver.connect(NonRegisteringDriver.java:325)
	at com.alibaba.druid.filter.FilterChainImpl.connection_connect(FilterChainImpl.java:148)
	at com.alibaba.druid.filter.stat.StatFilter.connection_connect(StatFilter.java:220)
	at com.alibaba.druid.filter.FilterChainImpl.connection_connect(FilterChainImpl.java:142)
	at com.alibaba.druid.pool.DruidAbstractDataSource.createPhysicalConnection(DruidAbstractDataSource.java:1463)
	at com.alibaba.druid.pool.DruidAbstractDataSource.createPhysicalConnection(DruidAbstractDataSource.java:1525)
	at com.alibaba.druid.pool.DruidDataSource$CreateConnectionThread.run(DruidDataSource.java:2100)
2026-06-20 05:43:57 ERROR create connection error, url: jdbc:mysql://127.0.0.1:3306/sanguo_game?useUnicode=true&characterEncoding=utf8, errorCode 1130, state HY000
java.sql.SQLException: null,  message from server: "Host '127.0.0.1' is not allowed to connect to this MySQL server"
	at com.mysql.jdbc.SQLError.createSQLException(SQLError.java:996)
	at com.mysql.jdbc.SQLError.createSQLException(SQLError.java:935)
	at com.mysql.jdbc.SQLError.createSQLException(SQLError.java:924)
	at com.mysql.jdbc.MysqlIO.doHandshake(MysqlIO.java:1037)
	at com.mysql.jdbc.ConnectionImpl.coreConnect(ConnectionImpl.java:2234)
	at com.mysql.jdbc.ConnectionImpl.connectOneTryOnly(ConnectionImpl.java:2265)
	at com.mysql.jdbc.ConnectionImpl.createNewIO(ConnectionImpl.java:2064)
	at com.mysql.jdbc.ConnectionImpl.<init>(ConnectionImpl.java:790)
	at com.mysql.jdbc.JDBC4Connection.<init>(JDBC4Connection.java:44)
	at sun.reflect.GeneratedConstructorAccessor3.newInstance(Unknown Source)
	at sun.reflect.DelegatingConstructorAccessorImpl.newInstance(DelegatingConstructorAccessorImpl.java:45)
	at java.lang.reflect.Constructor.newInstance(Constructor.java:423)
	at com.mysql.jdbc.Util.handleNewInstance(Util.java:377)
	at com.mysql.jdbc.ConnectionImpl.getInstance(ConnectionImpl.java:395)
	at com.mysql.jdbc.NonRegisteringDriver.connect(NonRegisteringDriver.java:325)
	at com.alibaba.druid.filter.FilterChainImpl.connection_connect(FilterChainImpl.java:148)
	at com.alibaba.druid.filter.stat.StatFilter.connection_connect(StatFilter.java:220)
	at com.alibaba.druid.filter.FilterChainImpl.connection_connect(FilterChainImpl.java:142)
	at com.alibaba.druid.pool.DruidAbstractDataSource.createPhysicalConnection(DruidAbstractDataSource.java:1463)
	at com.alibaba.druid.pool.DruidAbstractDataSource.createPhysicalConnection(DruidAbstractDataSource.java:1525)
	at com.alibaba.druid.pool.DruidDataSource$CreateConnectionThread.run(DruidDataSource.java:2100)
2026-06-20 05:43:57 ERROR create connection error, url: jdbc:mysql://127.0.0.1:3306/sanguo_game?useUnicode=true&characterEncoding=utf8, errorCode 1130, state HY000
java.sql.SQLException: null,  message from server: "Host '127.0.0.1' is not allowed to connect to this MySQL server"
	at com.mysql.jdbc.SQLError.createSQLException(SQLError.java:996)
	at com.mysql.jdbc.SQLError.createSQLException(SQLError.java:935)
	at com.mysql.jdbc.SQLError.createSQLException(SQLError.java:924)
	at com.mysql.jdbc.MysqlIO.doHandshake(MysqlIO.java:1037)
	at com.mysql.jdbc.ConnectionImpl.coreConnect(ConnectionImpl.java:2234)
	at com.mysql.jdbc.ConnectionImpl.connectOneTryOnly(ConnectionImpl.java:2265)
	at com.mysql.jdbc.ConnectionImpl.createNewIO(ConnectionImpl.java:2064)
	at com.mysql.jdbc.ConnectionImpl.<init>(ConnectionImpl.java:790)
	at com.mysql.jdbc.JDBC4Connection.<init>(JDBC4Connection.java:44)
	at sun.reflect.GeneratedConstructorAccessor3.newInstance(Unknown Source)
	at sun.reflect.DelegatingConstructorAccessorImpl.newInstance(DelegatingConstructorAccessorImpl.java:45)
	at java.lang.reflect.Constructor.newInstance(Constructor.java:423)
	at com.mysql.jdbc.Util.handleNewInstance(Util.java:377)
	at com.mysql.jdbc.ConnectionImpl.getInstance(ConnectionImpl.java:395)
	at com.mysql.jdbc.NonRegisteringDriver.connect(NonRegisteringDriver.java:325)
	at com.alibaba.druid.filter.FilterChainImpl.connection_connect(FilterChainImpl.java:148)
	at com.alibaba.druid.filter.stat.StatFilter.connection_connect(StatFilter.java:220)
	at com.alibaba.druid.filter.FilterChainImpl.connection_connect(FilterChainImpl.java:142)
	at com.alibaba.druid.pool.DruidAbstractDataSource.createPhysicalConnection(DruidAbstractDataSource.java:1463)
	at com.alibaba.druid.pool.DruidAbstractDataSource.createPhysicalConnection(DruidAbstractDataSource.java:1525)
	at com.alibaba.druid.pool.DruidDataSource$CreateConnectionThread.run(DruidDataSource.java:2100)
2026-06-20 05:43:57 ERROR create connection error, url: jdbc:mysql://127.0.0.1:3306/sanguo_game?useUnicode=true&characterEncoding=utf8, errorCode 1130, state HY000
java.sql.SQLException: null,  message from server: "Host '127.0.0.1' is not allowed to connect to this MySQL server"
	at com.mysql.jdbc.SQLError.createSQLException(SQLError.java:996)
	at com.mysql.jdbc.SQLError.createSQLException(SQLError.java:935)
	at com.mysql.jdbc.SQLError.createSQLException(SQLError.java:924)
	at com.mysql.jdbc.MysqlIO.doHandshake(MysqlIO.java:1037)
	at com.mysql.jdbc.ConnectionImpl.coreConnect(ConnectionImpl.java:2234)
	at com.mysql.jdbc.ConnectionImpl.connectOneTryOnly(ConnectionImpl.java:2265)
	at com.mysql.jdbc.ConnectionImpl.createNewIO(ConnectionImpl.java:2064)
	at com.mysql.jdbc.ConnectionImpl.<init>(ConnectionImpl.java:790)
	at com.mysql.jdbc.JDBC4Connection.<init>(JDBC4Connection.java:44)
	at sun.reflect.GeneratedConstructorAccessor3.newInstance(Unknown Source)
	at sun.reflect.DelegatingConstructorAccessorImpl.newInstance(DelegatingConstructorAccessorImpl.java:45)
	at java.lang.reflect.Constructor.newInstance(Constructor.java:423)
	at com.mysql.jdbc.Util.handleNewInstance(Util.java:377)
	at com.mysql.jdbc.ConnectionImpl.getInstance(ConnectionImpl.java:395)
	at com.mysql.jdbc.NonRegisteringDriver.connect(NonRegisteringDriver.java:325)
	at com.alibaba.druid.filter.FilterChainImpl.connection_connect(FilterChainImpl.java:148)
	at com.alibaba.druid.filter.stat.StatFilter.connection_connect(StatFilter.java:220)
	at com.alibaba.druid.filter.FilterChainImpl.connection_connect(FilterChainImpl.java:142)
	at com.alibaba.druid.pool.DruidAbstractDataSource.createPhysicalConnection(DruidAbstractDataSource.java:1463)
	at com.alibaba.druid.pool.DruidAbstractDataSource.createPhysicalConnection(DruidAbstractDataSource.java:1525)
	at com.alibaba.druid.pool.DruidDataSource$CreateConnectionThread.run(DruidDataSource.java:2100)
2026-06-20 05:43:57 ERROR create connection error, url: jdbc:mysql://127.0.0.1:3306/sanguo_game?useUnicode=true&characterEncoding=utf8, errorCode 1130, state HY000
java.sql.SQLException: null,  message from server: "Host '127.0.0.1' is not allowed to connect to this MySQL server"
	at com.mysql.jdbc.SQLError.createSQLException(SQLError.java:996)
	at com.mysql.jdbc.SQLError.createSQLException(SQLError.java:935)
	at com.mysql.jdbc.SQLError.createSQLException(SQLError.java:924)
	at com.mysql.jdbc.MysqlIO.doHandshake(MysqlIO.java:1037)
	at com.mysql.jdbc.ConnectionImpl.coreConnect(ConnectionImpl.java:2234)
	at com.mysql.jdbc.ConnectionImpl.connectOneTryOnly(ConnectionImpl.java:2265)
	at com.mysql.jdbc.ConnectionImpl.createNewIO(ConnectionImpl.java:2064)
	at com.mysql.jdbc.ConnectionImpl.<init>(ConnectionImpl.java:790)
	at com.mysql.jdbc.JDBC4Connection.<init>(JDBC4Connection.java:44)
	at sun.reflect.GeneratedConstructorAccessor3.newInstance(Unknown Source)
	at sun.reflect.DelegatingConstructorAccessorImpl.newInstance(DelegatingConstructorAccessorImpl.java:45)
	at java.lang.reflect.Constructor.newInstance(Constructor.java:423)
	at com.mysql.jdbc.Util.handleNewInstance(Util.java:377)
	at com.mysql.jdbc.ConnectionImpl.getInstance(ConnectionImpl.java:395)
	at com.mysql.jdbc.NonRegisteringDriver.connect(NonRegisteringDriver.java:325)
	at com.alibaba.druid.filter.FilterChainImpl.connection_connect(FilterChainImpl.java:148)
	at com.alibaba.druid.filter.stat.StatFilter.connection_connect(StatFilter.java:220)
	at com.alibaba.druid.filter.FilterChainImpl.connection_connect(FilterChainImpl.java:142)
	at com.alibaba.druid.pool.DruidAbstractDataSource.createPhysicalConnection(DruidAbstractDataSource.java:1463)
	at com.alibaba.druid.pool.DruidAbstractDataSource.createPhysicalConnection(DruidAbstractDataSource.java:1525)
	at com.alibaba.druid.pool.DruidDataSource$CreateConnectionThread.run(DruidDataSource.java:2100)
2026-06-20 05:44:03 ERROR 535 Error: authentication failed, system busy
 
2026-06-20 05:47:27 INFO  Refreshing org.springframework.context.annotation.AnnotationConfigApplicationContext@61064425: startup date [Sat Jun 20 05:47:27 EET 2026]; root of context hierarchy
2026-06-20 05:47:27 INFO  Loading XML bean definitions from class path resource [webgame/beans/server-beans.xml]
2026-06-20 05:47:27 INFO  Loading XML bean definitions from class path resource [webgame/beans/mysql-beans.xml]
2026-06-20 05:47:27 INFO  Loading XML bean definitions from class path resource [webgame/beans/service-beans.xml]
2026-06-20 05:47:27 INFO  Loading XML bean definitions from class path resource [webgame/beans/mysql-beans.xml]
2026-06-20 05:47:27 INFO  Loading XML bean definitions from class path resource [webgame/beans/data-beans.xml]
2026-06-20 05:47:28 INFO  Loading properties file from class path resource [webgame/props/webgame.properties]
2026-06-20 05:47:28 INFO  Loading properties file from class path resource [webgame/props/mysql.properties]
2026-06-20 05:47:28 INFO  Loading properties file from class path resource [webgame/props/redis.properties]
2026-06-20 05:47:28 INFO  Loading properties file from class path resource [version.properties]
2026-06-20 05:47:28 DEBUG 加载配置文件 
2026-06-20 05:47:28 DEBUG key -> platform, value -> test 
2026-06-20 05:47:28 DEBUG key -> businessThreadCount, value -> 10 
2026-06-20 05:47:28 DEBUG key -> svn, value -> 32883 
2026-06-20 05:47:28 DEBUG key -> jdbc.url, value -> jdbc:mysql://127.0.0.1:3306/sanguo_game?useUnicode=true&characterEncoding=utf8 
2026-06-20 05:47:28 DEBUG key -> secretKey, value -> 5Jqxjo10Yl2ElQCwJm 
2026-06-20 05:47:28 DEBUG key -> so.backlog, value -> 128 
2026-06-20 05:47:28 DEBUG key -> url, value -> http://127.0.0.1:8080/ 
2026-06-20 05:47:28 DEBUG key -> redis.testOnBorrow, value -> true 
2026-06-20 05:47:28 DEBUG key -> serverId, value -> 10000 
2026-06-20 05:47:28 DEBUG key -> redis.maxTotal, value -> 600 
2026-06-20 05:47:28 DEBUG key -> serverName, value -> å°æ¸¸æ1æ 
2026-06-20 05:47:28 DEBUG key -> logserver.isOpen, value -> false 
2026-06-20 05:47:28 DEBUG key -> redis.port, value -> 6379 
2026-06-20 05:47:28 DEBUG key -> jmxPort, value -> 19301 
2026-06-20 05:47:28 DEBUG key -> redis.db, value -> 13 
2026-06-20 05:47:28 DEBUG key -> redis.timeout, value -> 5000 
2026-06-20 05:47:28 DEBUG key -> logserver.port, value -> 6000 
2026-06-20 05:47:28 DEBUG key -> jdbc.user, value -> root 
2026-06-20 05:47:28 DEBUG key -> keystorePass, value ->  
2026-06-20 05:47:28 DEBUG key -> characterEncoding, value -> UTF-8 
2026-06-20 05:47:28 DEBUG key -> logicRmi.port, value -> 17003 
2026-06-20 05:47:28 DEBUG key -> debug, value -> true 
2026-06-20 05:47:28 DEBUG key -> wss, value -> false 
2026-06-20 05:47:28 DEBUG key -> dataLocation, value -> cn 
2026-06-20 05:47:28 DEBUG key -> useUnicode, value -> true 
2026-06-20 05:47:28 DEBUG key -> redis.pass, value -> e5968b5bd4f916e4 
2026-06-20 05:47:28 DEBUG key -> jmxPass, value -> g6UoONwr6joi1ApG 
2026-06-20 05:47:28 DEBUG key -> appId, value -> 100962 
2026-06-20 05:47:28 DEBUG key -> jks, value -> sanguo-lb1.linlongyx.com 
2026-06-20 05:47:28 DEBUG key -> so.keepalive, value -> true 
2026-06-20 05:47:28 DEBUG key -> http.port, value -> 19268 
2026-06-20 05:47:28 DEBUG key -> jdbc.driverClassName, value -> com.mysql.jdbc.Driver 
2026-06-20 05:47:28 DEBUG key -> cchId, value -> 392 
2026-06-20 05:47:28 DEBUG key -> workerThreadCount, value -> 14 
2026-06-20 05:47:28 DEBUG key -> bossThreadCount, value -> 1 
2026-06-20 05:47:28 DEBUG key -> redis.host, value -> 127.0.0.1 
2026-06-20 05:47:28 DEBUG key -> logserver.host, value -> 127.0.0.1 
2026-06-20 05:47:28 DEBUG key -> openTime, value -> 2017-09-02 00:00:00 
2026-06-20 05:47:28 DEBUG key -> logserver.dataPath, value -> ./log 
2026-06-20 05:47:28 DEBUG key -> wordLocation, value -> cn 
2026-06-20 05:47:28 DEBUG key -> ws.port, value -> 19101 
2026-06-20 05:47:28 DEBUG key -> jdbc.password, value -> X7kR9mP2qN5wL8jZ 
2026-06-20 05:47:28 DEBUG key -> logicRmi.cmport, value -> 17004 
2026-06-20 05:47:28 DEBUG key -> path, value -> webgame/platform/ 
2026-06-20 05:47:28 DEBUG key -> rmi.url, value -> rmi://127.0.0.1:19850/crossRankRMI 
2026-06-20 05:47:28 DEBUG key -> tag, value -> 24b0d14d02f7970e270d2b70dfab4ea62fc2390a 
2026-06-20 05:47:28 DEBUG key -> logicRmi.host, value -> 127.0.0.1 
2026-06-20 05:47:28 DEBUG key -> jmxName, value -> llyx-sanguo 
2026-06-20 05:47:28 DEBUG key -> crossUrl, value -> wss://sanguo-lb1.linlongyx.com:5003/ws 
2026-06-20 05:47:28 DEBUG key -> redis.maxWait, value -> 10000 
2026-06-20 05:47:28 DEBUG key -> version, value -> 1.1000 
2026-06-20 05:47:28 DEBUG key -> httpSwitch, value -> false 
2026-06-20 05:47:28 DEBUG key -> ws, value -> true 
2026-06-20 05:47:28 DEBUG key -> logicRmi.serviceName, value -> crossRankLogicRMI 
2026-06-20 05:47:28 DEBUG key -> redis.maxIdle, value -> 300 
2026-06-20 05:47:29 INFO  {dataSource-1} inited
2026-06-20 05:47:29 INFO  Loaded JDBC driver: com.mysql.jdbc.Driver
2026-06-20 05:47:31 ERROR LogicRmiManager::publish rmi service url: {} rmi://127.0.0.1:17003/crossRankLogicRMI 
2026-06-20 05:47:38 ERROR ContinuityParameter {1={"actId":1,"startTime":1504818000,"endTime":1504904400,"closeTime":0}, 2={"actId":2,"startTime":1504558800,"endTime":1505163600,"closeTime":0}, 3={"actId":3,"startTime":1551733200,"endTime":1552337999,"closeTime":0}} 
2026-06-20 05:47:39 DEBUG {conn-10004, pstmt-20018} enter cache
2026-06-20 05:47:39 DEBUG {conn-10004, pstmt-20019} enter cache
2026-06-20 05:47:39 ERROR update group Pre:update tb_group set id=10000000000 + id where id != 0 and id<=10000000000; 
2026-06-20 05:47:39 ERROR update groupMember Pre:update tb_groupMember set id=10000000000 + id where id != 0 and id<=10000000000; 
2026-06-20 05:47:39 ERROR ArenaRankError 10001000310 10001000149 3001 
2026-06-20 05:47:39 ERROR ArenaRankError 10001000149 10001000355 3001 
2026-06-20 05:47:39 ERROR ArenaRankError 10001000355 10001000045 3001 
2026-06-20 05:47:39 ERROR ArenaRankError 10001000045 10001000292 3001 
2026-06-20 05:47:39 DEBUG server open days: 3214, rankAct id: 8, state: Expire 
2026-06-20 05:47:39 DEBUG server open days: 3214, rankAct id: 9, state: Expire 
2026-06-20 05:47:39 DEBUG server open days: 3214, rankAct id: 10, state: Expire 
2026-06-20 05:47:39 DEBUG server open days: 3214, rankAct id: 11, state: Expire 
2026-06-20 05:47:39 DEBUG server open days: 3214, rankAct id: 12, state: Expire 
2026-06-20 05:47:39 DEBUG server open days: 3214, rankAct id: 13, state: Expire 
2026-06-20 05:47:39 DEBUG server open days: 3214, rankAct id: 14, state: Expire 
2026-06-20 05:47:40 WARN  Unknown channel option 'SO_KEEPALIVE' for channel '[id: 0xa43b6c50]'
2026-06-20 05:47:40 WARN  Unknown channel option 'SO_KEEPALIVE' for channel '[id: 0xe351d5a7]'
2026-06-20 05:47:40 INFO  Using default implementation for ThreadExecutor
2026-06-20 05:47:40 INFO  Initialized Scheduler Signaller of type: class org.quartz.core.SchedulerSignalerImpl
2026-06-20 05:47:40 INFO  Quartz Scheduler v.1.8.6 created.
2026-06-20 05:47:40 INFO  Registering Quartz Job Initialization Plug-in.
2026-06-20 05:47:40 INFO  RAMJobStore initialized.
2026-06-20 05:47:40 INFO  Scheduler meta-data: Quartz Scheduler (v1.8.6) 'AUTO' with instanceId 'NON_CLUSTERED'
  Scheduler class: 'org.quartz.core.QuartzScheduler' - running locally.
  NOT STARTED.
  Currently in standby mode.
  Number of jobs executed: 0
  Using thread pool 'org.quartz.simpl.SimpleThreadPool' - with 5 threads.
  Using job-store 'org.quartz.simpl.RAMJobStore' - which does not support persistence. and is not clustered.

2026-06-20 05:47:40 INFO  Quartz scheduler 'AUTO' initialized from default resource file in Quartz package: 'quartz.properties'
2026-06-20 05:47:40 INFO  Quartz scheduler version: 1.8.6
2026-06-20 05:47:40 DEBUG Utilizing schema packaged in local quartz distribution jar.
2026-06-20 05:47:40 INFO  Parsing XML file: quartz_jobs.xml with systemId: quartz_jobs.xml
2026-06-20 05:47:40 DEBUG Found 0 delete job group commands.
2026-06-20 05:47:40 DEBUG Found 0 delete trigger group commands.
2026-06-20 05:47:40 DEBUG Found 0 delete job commands.
2026-06-20 05:47:40 DEBUG Found 0 delete trigger commands.
2026-06-20 05:47:40 DEBUG Directive 'overwrite-existing-data' not specified, defaulting to true
2026-06-20 05:47:40 DEBUG Directive 'ignore-duplicates' not specified, defaulting to false
2026-06-20 05:47:40 DEBUG Found 1 job definitions.
2026-06-20 05:47:40 DEBUG Parsed job definition: JobDetail 'AUTO.JOBS':  jobClass: 'com.linlongyx.sanguo.webgame.quartz.QuartzJob isStateful: false isVolatile: false isDurable: false requestsRecovers: false
2026-06-20 05:47:40 DEBUG Found 11 trigger definitions.
2026-06-20 05:47:40 DEBUG Parsed trigger definition: Trigger 'DEFAULT.10000':  triggerClass: 'org.quartz.CronTrigger isVolatile: false calendar: 'null' misfireInstruction: 0 nextFireTime: null
2026-06-20 05:47:40 DEBUG Parsed trigger definition: Trigger 'DEFAULT.10001':  triggerClass: 'org.quartz.CronTrigger isVolatile: false calendar: 'null' misfireInstruction: 0 nextFireTime: null
2026-06-20 05:47:40 DEBUG Parsed trigger definition: Trigger 'DEFAULT.10002':  triggerClass: 'org.quartz.CronTrigger isVolatile: false calendar: 'null' misfireInstruction: 0 nextFireTime: null
2026-06-20 05:47:40 DEBUG Parsed trigger definition: Trigger 'DEFAULT.10010':  triggerClass: 'org.quartz.CronTrigger isVolatile: false calendar: 'null' misfireInstruction: 0 nextFireTime: null
2026-06-20 05:47:40 DEBUG Parsed trigger definition: Trigger 'DEFAULT.10011':  triggerClass: 'org.quartz.CronTrigger isVolatile: false calendar: 'null' misfireInstruction: 0 nextFireTime: null
2026-06-20 05:47:40 DEBUG Parsed trigger definition: Trigger 'DEFAULT.10012':  triggerClass: 'org.quartz.CronTrigger isVolatile: false calendar: 'null' misfireInstruction: 0 nextFireTime: null
2026-06-20 05:47:40 DEBUG Parsed trigger definition: Trigger 'DEFAULT.20001':  triggerClass: 'org.quartz.CronTrigger isVolatile: false calendar: 'null' misfireInstruction: 0 nextFireTime: null
2026-06-20 05:47:40 DEBUG Parsed trigger definition: Trigger 'DEFAULT.20003':  triggerClass: 'org.quartz.CronTrigger isVolatile: false calendar: 'null' misfireInstruction: 0 nextFireTime: null
2026-06-20 05:47:40 DEBUG Parsed trigger definition: Trigger 'DEFAULT.20004':  triggerClass: 'org.quartz.CronTrigger isVolatile: false calendar: 'null' misfireInstruction: 0 nextFireTime: null
2026-06-20 05:47:40 DEBUG Parsed trigger definition: Trigger 'DEFAULT.20005':  triggerClass: 'org.quartz.CronTrigger isVolatile: false calendar: 'null' misfireInstruction: 0 nextFireTime: null
2026-06-20 05:47:40 DEBUG Parsed trigger definition: Trigger 'DEFAULT.20006':  triggerClass: 'org.quartz.CronTrigger isVolatile: false calendar: 'null' misfireInstruction: 0 nextFireTime: null
2026-06-20 05:47:40 INFO  Adding 1 jobs, 11 triggers.
2026-06-20 05:47:40 INFO  Adding job: AUTO.JOBS
2026-06-20 05:47:40 DEBUG Scheduling job: AUTO.JOBS with trigger: DEFAULT.10000
2026-06-20 05:47:40 DEBUG Scheduling job: AUTO.JOBS with trigger: DEFAULT.10001
2026-06-20 05:47:40 DEBUG Scheduling job: AUTO.JOBS with trigger: DEFAULT.10002
2026-06-20 05:47:40 DEBUG Scheduling job: AUTO.JOBS with trigger: DEFAULT.10010
2026-06-20 05:47:40 DEBUG Scheduling job: AUTO.JOBS with trigger: DEFAULT.10011
2026-06-20 05:47:40 DEBUG Scheduling job: AUTO.JOBS with trigger: DEFAULT.10012
2026-06-20 05:47:40 DEBUG Scheduling job: AUTO.JOBS with trigger: DEFAULT.20001
2026-06-20 05:47:40 DEBUG Scheduling job: AUTO.JOBS with trigger: DEFAULT.20003
2026-06-20 05:47:40 DEBUG Scheduling job: AUTO.JOBS with trigger: DEFAULT.20004
2026-06-20 05:47:40 DEBUG Scheduling job: AUTO.JOBS with trigger: DEFAULT.20005
2026-06-20 05:47:40 DEBUG Scheduling job: AUTO.JOBS with trigger: DEFAULT.20006
2026-06-20 05:47:40 INFO  Scheduler AUTO_$_NON_CLUSTERED started.
2026-06-20 05:47:40 DEBUG Reading descriptors ( dom ) 20
2026-06-20 05:47:40 DEBUG Using existing MBeanServer 0
2026-06-20 05:47:40 DEBUG default constructor
2026-06-20 05:47:40 DEBUG preRegister com.linlongyx.sanguo.webgame.service.LookUpService@2d8f2f3a onlineNum:Click=ShowDetail
2026-06-20 05:47:40 DEBUG default constructor
2026-06-20 05:47:40 DEBUG preRegister com.linlongyx.sanguo.webgame.service.JsonTableService@2024293c reload:Click=reloadJson
2026-06-20 05:47:40 DEBUG default constructor
2026-06-20 05:47:40 DEBUG preRegister com.linlongyx.core.utils.ChatUtil@7048f722 reload:Click=reloadSensitive
2026-06-20 05:47:40 ERROR Started version:  110000 
2026-06-20 05:47:41 DEBUG Checking for available updated version of Quartz...
2026-06-20 05:47:41 DEBUG Quartz version update check failed: Server returned HTTP response code: 403 for URL: http://www.terracotta.org/kit/reflector?kitID=quartz&pageID=update.properties&id=-1062731413&os-name=Windows+10&jvm-name=Java+HotSpot%28TM%29+64-Bit+Server+VM&jvm-version=1.8.0_181&platform=amd64&tc-version=1.8.6&tc-product=Quartz&source=Quartz&uptime-secs=1&patch=UNKNOWN
2026-06-20 05:48:00 DEBUG Producing instance of Job 'AUTO.JOBS', class=com.linlongyx.sanguo.webgame.quartz.QuartzJob
2026-06-20 05:48:00 DEBUG Calling execute on job AUTO.JOBS
2026-06-20 05:48:00 INFO  触发cmd：20005
2026-06-20 05:48:30 DEBUG Producing instance of Job 'AUTO.JOBS', class=com.linlongyx.sanguo.webgame.quartz.QuartzJob
2026-06-20 05:48:30 DEBUG Calling execute on job AUTO.JOBS
2026-06-20 05:48:30 INFO  触发cmd：20005
2026-06-20 05:49:00 DEBUG Producing instance of Job 'AUTO.JOBS', class=com.linlongyx.sanguo.webgame.quartz.QuartzJob
2026-06-20 05:49:00 DEBUG Calling execute on job AUTO.JOBS
2026-06-20 05:49:00 INFO  触发cmd：20005
2026-06-20 05:49:19 ERROR rankBossTimeOut 1001 
2026-06-20 05:49:30 DEBUG Producing instance of Job 'AUTO.JOBS', class=com.linlongyx.sanguo.webgame.quartz.QuartzJob
2026-06-20 05:49:30 DEBUG Calling execute on job AUTO.JOBS
2026-06-20 05:49:30 INFO  触发cmd：20005
2026-06-20 05:50:00 DEBUG Producing instance of Job 'AUTO.JOBS', class=com.linlongyx.sanguo.webgame.quartz.QuartzJob
2026-06-20 05:50:00 DEBUG Calling execute on job AUTO.JOBS
2026-06-20 05:50:00 DEBUG Producing instance of Job 'AUTO.JOBS', class=com.linlongyx.sanguo.webgame.quartz.QuartzJob
2026-06-20 05:50:00 DEBUG Calling execute on job AUTO.JOBS
2026-06-20 05:50:00 INFO  触发cmd：20003
2026-06-20 05:50:00 INFO  触发cmd：20005
2026-06-20 05:50:00 ERROR destiny rank refresh 
2026-06-20 05:50:19 ERROR rankBossReBorn 1001 
2026-06-20 05:50:30 DEBUG Producing instance of Job 'AUTO.JOBS', class=com.linlongyx.sanguo.webgame.quartz.QuartzJob
2026-06-20 05:50:30 DEBUG Calling execute on job AUTO.JOBS
2026-06-20 05:50:30 INFO  触发cmd：20005
2026-06-20 05:50:59 ERROR rankBossTimeOut 1002 
2026-06-20 05:51:00 DEBUG Producing instance of Job 'AUTO.JOBS', class=com.linlongyx.sanguo.webgame.quartz.QuartzJob
2026-06-20 05:51:00 DEBUG Calling execute on job AUTO.JOBS
2026-06-20 05:51:00 INFO  触发cmd：20005
2026-06-20 05:51:30 DEBUG Producing instance of Job 'AUTO.JOBS', class=com.linlongyx.sanguo.webgame.quartz.QuartzJob
2026-06-20 05:51:30 DEBUG Calling execute on job AUTO.JOBS
2026-06-20 05:51:30 INFO  触发cmd：20005
2026-06-20 05:51:59 ERROR rankBossTimeOut 1001 
2026-06-20 05:52:00 DEBUG Producing instance of Job 'AUTO.JOBS', class=com.linlongyx.sanguo.webgame.quartz.QuartzJob
2026-06-20 05:52:00 DEBUG Calling execute on job AUTO.JOBS
2026-06-20 05:52:00 INFO  触发cmd：20005
2026-06-20 05:52:30 DEBUG Producing instance of Job 'AUTO.JOBS', class=com.linlongyx.sanguo.webgame.quartz.QuartzJob
2026-06-20 05:52:30 DEBUG Calling execute on job AUTO.JOBS
2026-06-20 05:52:30 INFO  触发cmd：20005
2026-06-20 05:52:39 ERROR rankBossTimeOut 1003 
2026-06-20 05:52:59 ERROR rankBossReBorn 1001 
2026-06-20 05:53:00 DEBUG Producing instance of Job 'AUTO.JOBS', class=com.linlongyx.sanguo.webgame.quartz.QuartzJob
2026-06-20 05:53:00 DEBUG Calling execute on job AUTO.JOBS
2026-06-20 05:53:00 INFO  触发cmd：20005
2026-06-20 05:53:29 ERROR rankBossReBorn 1002 
2026-06-20 05:53:30 DEBUG Producing instance of Job 'AUTO.JOBS', class=com.linlongyx.sanguo.webgame.quartz.QuartzJob
2026-06-20 05:53:30 DEBUG Calling execute on job AUTO.JOBS
2026-06-20 05:53:30 INFO  触发cmd：20005
2026-06-20 05:54:00 DEBUG Producing instance of Job 'AUTO.JOBS', class=com.linlongyx.sanguo.webgame.quartz.QuartzJob
2026-06-20 05:54:00 DEBUG Calling execute on job AUTO.JOBS
2026-06-20 05:54:00 INFO  触发cmd：20005
2026-06-20 05:54:30 DEBUG Producing instance of Job 'AUTO.JOBS', class=com.linlongyx.sanguo.webgame.quartz.QuartzJob
2026-06-20 05:54:30 DEBUG Calling execute on job AUTO.JOBS
2026-06-20 05:54:30 INFO  触发cmd：20005
2026-06-20 05:54:39 ERROR rankBossTimeOut 1001 
2026-06-20 05:55:00 DEBUG Producing instance of Job 'AUTO.JOBS', class=com.linlongyx.sanguo.webgame.quartz.QuartzJob
2026-06-20 05:55:00 DEBUG Producing instance of Job 'AUTO.JOBS', class=com.linlongyx.sanguo.webgame.quartz.QuartzJob
2026-06-20 05:55:00 DEBUG Calling execute on job AUTO.JOBS
2026-06-20 05:55:00 DEBUG Calling execute on job AUTO.JOBS
2026-06-20 05:55:00 ERROR destiny rank refresh 
2026-06-20 05:55:00 INFO  触发cmd：20003
2026-06-20 05:55:00 INFO  触发cmd：20005
2026-06-20 05:55:30 DEBUG Producing instance of Job 'AUTO.JOBS', class=com.linlongyx.sanguo.webgame.quartz.QuartzJob
2026-06-20 05:55:30 DEBUG Calling execute on job AUTO.JOBS
2026-06-20 05:55:30 INFO  触发cmd：20005
2026-06-20 05:55:39 ERROR rankBossReBorn 1001 
2026-06-20 05:55:59 ERROR rankBossReBorn 1003 
2026-06-20 05:55:59 ERROR rankBossTimeOut 1004 
2026-06-20 05:56:00 DEBUG Producing instance of Job 'AUTO.JOBS', class=com.linlongyx.sanguo.webgame.quartz.QuartzJob
2026-06-20 05:56:00 DEBUG Calling execute on job AUTO.JOBS
2026-06-20 05:56:00 INFO  触发cmd：20005
2026-06-20 05:56:30 DEBUG Producing instance of Job 'AUTO.JOBS', class=com.linlongyx.sanguo.webgame.quartz.QuartzJob
2026-06-20 05:56:30 DEBUG Calling execute on job AUTO.JOBS
2026-06-20 05:56:30 INFO  触发cmd：20005
2026-06-20 05:56:49 ERROR rankBossTimeOut 1002 
2026-06-20 05:57:00 DEBUG Producing instance of Job 'AUTO.JOBS', class=com.linlongyx.sanguo.webgame.quartz.QuartzJob
2026-06-20 05:57:00 DEBUG Calling execute on job AUTO.JOBS
2026-06-20 05:57:00 INFO  触发cmd：20005
2026-06-20 05:57:19 ERROR rankBossTimeOut 1001 
2026-06-20 05:57:30 DEBUG Producing instance of Job 'AUTO.JOBS', class=com.linlongyx.sanguo.webgame.quartz.QuartzJob
2026-06-20 05:57:30 DEBUG Calling execute on job AUTO.JOBS
2026-06-20 05:57:30 INFO  触发cmd：20005
2026-06-20 05:58:00 DEBUG Producing instance of Job 'AUTO.JOBS', class=com.linlongyx.sanguo.webgame.quartz.QuartzJob
2026-06-20 05:58:00 DEBUG Calling execute on job AUTO.JOBS
2026-06-20 05:58:00 INFO  触发cmd：20005
2026-06-20 05:58:19 ERROR rankBossReBorn 1001 
2026-06-20 05:58:30 DEBUG Producing instance of Job 'AUTO.JOBS', class=com.linlongyx.sanguo.webgame.quartz.QuartzJob
2026-06-20 05:58:30 DEBUG Calling execute on job AUTO.JOBS
2026-06-20 05:58:30 INFO  触发cmd：20005
2026-06-20 05:59:00 DEBUG Producing instance of Job 'AUTO.JOBS', class=com.linlongyx.sanguo.webgame.quartz.QuartzJob
2026-06-20 05:59:00 DEBUG Calling execute on job AUTO.JOBS
2026-06-20 05:59:00 INFO  触发cmd：20005
2026-06-20 05:59:19 ERROR rankBossReBorn 1002 
2026-06-20 05:59:19 ERROR rankBossTimeOut 1005 
2026-06-20 05:59:30 DEBUG Producing instance of Job 'AUTO.JOBS', class=com.linlongyx.sanguo.webgame.quartz.QuartzJob
2026-06-20 05:59:30 DEBUG Calling execute on job AUTO.JOBS
2026-06-20 05:59:30 INFO  触发cmd：20005
2026-06-20 05:59:59 ERROR rankBossTimeOut 1001 
2026-06-20 06:00:00 DEBUG Producing instance of Job 'AUTO.JOBS', class=com.linlongyx.sanguo.webgame.quartz.QuartzJob
2026-06-20 06:00:00 DEBUG Calling execute on job AUTO.JOBS
2026-06-20 06:00:00 INFO  HttpSender.socket：127.0.0.1:19268 GET /?cmd=10012&signature=c18c989c08dea6f64754a0d42eb61183 HTTP/1.1

2026-06-20 06:00:00 INFO  触发cmd：10012
2026-06-20 06:00:00 DEBUG Producing instance of Job 'AUTO.JOBS', class=com.linlongyx.sanguo.webgame.quartz.QuartzJob
2026-06-20 06:00:00 DEBUG Producing instance of Job 'AUTO.JOBS', class=com.linlongyx.sanguo.webgame.quartz.QuartzJob
2026-06-20 06:00:00 DEBUG Calling execute on job AUTO.JOBS
2026-06-20 06:00:00 DEBUG Producing instance of Job 'AUTO.JOBS', class=com.linlongyx.sanguo.webgame.quartz.QuartzJob
2026-06-20 06:00:00 DEBUG Producing instance of Job 'AUTO.JOBS', class=com.linlongyx.sanguo.webgame.quartz.QuartzJob
2026-06-20 06:00:00 DEBUG Calling execute on job AUTO.JOBS
2026-06-20 06:00:00 INFO  触发cmd：20001
2026-06-20 06:00:00 ERROR destiny rank refresh 
2026-06-20 06:00:00 DEBUG Calling execute on job AUTO.JOBS
2026-06-20 06:00:00 DEBUG Calling execute on job AUTO.JOBS
2026-06-20 06:00:00 INFO  触发cmd：20003
2026-06-20 06:00:00 INFO  触发cmd：20005
2026-06-20 06:00:00 INFO  触发cmd：20006
2026-06-20 06:00:00 INFO  HttpServerHandler.channelRead0:cmd=10012,signature=c18c989c08dea6f64754a0d42eb61183,
2026-06-20 06:00:00 INFO  ProcessingHttpEvents.trigger.income.cmd:10012 method:
2026-06-20 06:00:00 DEBUG ProcessingHttpEvents.trigger.cmd:10012 method: spendTime:162 p:{cmd=[10012], signature=[c18c989c08dea6f64754a0d42eb61183]}
2026-06-20 06:00:30 DEBUG Producing instance of Job 'AUTO.JOBS', class=com.linlongyx.sanguo.webgame.quartz.QuartzJob
2026-06-20 06:00:30 DEBUG Calling execute on job AUTO.JOBS
2026-06-20 06:00:30 INFO  触发cmd：20005
2026-06-20 06:00:59 ERROR rankBossReBorn 1001 
2026-06-20 06:00:59 ERROR rankBossTimeOut 1003 
2026-06-20 06:00:59 ERROR rankBossReBorn 1004 
2026-06-20 06:00:59 ERROR rankBossTimeOut 1006 
2026-06-20 06:01:00 DEBUG Producing instance of Job 'AUTO.JOBS', class=com.linlongyx.sanguo.webgame.quartz.QuartzJob
2026-06-20 06:01:00 DEBUG Calling execute on job AUTO.JOBS
2026-06-20 06:01:00 INFO  触发cmd：20005
2026-06-20 06:01:30 DEBUG Producing instance of Job 'AUTO.JOBS', class=com.linlongyx.sanguo.webgame.quartz.QuartzJob
2026-06-20 06:01:30 DEBUG Calling execute on job AUTO.JOBS
2026-06-20 06:01:30 INFO  触发cmd：20005
2026-06-20 06:02:00 DEBUG Producing instance of Job 'AUTO.JOBS', class=com.linlongyx.sanguo.webgame.quartz.QuartzJob
2026-06-20 06:02:00 DEBUG Calling execute on job AUTO.JOBS
2026-06-20 06:02:00 INFO  触发cmd：20005
2026-06-20 06:02:30 DEBUG Producing instance of Job 'AUTO.JOBS', class=com.linlongyx.sanguo.webgame.quartz.QuartzJob
2026-06-20 06:02:30 DEBUG Calling execute on job AUTO.JOBS
2026-06-20 06:02:30 INFO  触发cmd：20005
2026-06-20 06:02:39 ERROR rankBossTimeOut 1001 
2026-06-20 06:02:39 ERROR rankBossTimeOut 1002 
2026-06-20 06:02:39 ERROR rankBossTimeOut 1007 
2026-06-20 06:03:00 DEBUG Producing instance of Job 'AUTO.JOBS', class=com.linlongyx.sanguo.webgame.quartz.QuartzJob
2026-06-20 06:03:00 DEBUG Calling execute on job AUTO.JOBS
2026-06-20 06:03:00 INFO  触发cmd：20005
2026-06-20 06:03:30 DEBUG Producing instance of Job 'AUTO.JOBS', class=com.linlongyx.sanguo.webgame.quartz.QuartzJob
2026-06-20 06:03:30 DEBUG Calling execute on job AUTO.JOBS
2026-06-20 06:03:30 INFO  触发cmd：20005
2026-06-20 06:03:39 ERROR rankBossReBorn 1001 
2026-06-20 06:03:59 INFO  初始化 消息处理器成功
2026-06-20 06:03:59 ERROR LoginInfoProcessor::handleRequest 4 10000 0 
2026-06-20 06:04:00 DEBUG Producing instance of Job 'AUTO.JOBS', class=com.linlongyx.sanguo.webgame.quartz.QuartzJob
2026-06-20 06:04:00 DEBUG Calling execute on job AUTO.JOBS
2026-06-20 06:04:00 INFO  触发cmd：20005
2026-06-20 06:04:19 ERROR rankBossReBorn 1003 
2026-06-20 06:04:19 ERROR rankBossTimeOut 1008 
2026-06-20 06:04:30 DEBUG Producing instance of Job 'AUTO.JOBS', class=com.linlongyx.sanguo.webgame.quartz.QuartzJob
2026-06-20 06:04:30 DEBUG Calling execute on job AUTO.JOBS
2026-06-20 06:04:30 INFO  触发cmd：20005
2026-06-20 06:05:00 DEBUG Producing instance of Job 'AUTO.JOBS', class=com.linlongyx.sanguo.webgame.quartz.QuartzJob
2026-06-20 06:05:00 DEBUG Calling execute on job AUTO.JOBS
2026-06-20 06:05:00 DEBUG Producing instance of Job 'AUTO.JOBS', class=com.linlongyx.sanguo.webgame.quartz.QuartzJob
2026-06-20 06:05:00 DEBUG Calling execute on job AUTO.JOBS
2026-06-20 06:05:00 ERROR destiny rank refresh 
2026-06-20 06:05:00 INFO  触发cmd：20005
2026-06-20 06:05:00 INFO  触发cmd：20003
2026-06-20 06:05:09 ERROR rankBossReBorn 1002 
2026-06-20 06:05:09 ERROR rankBossReBorn 1005 
2026-06-20 06:05:19 ERROR rankBossTimeOut 1001 
2026-06-20 06:05:30 DEBUG Producing instance of Job 'AUTO.JOBS', class=com.linlongyx.sanguo.webgame.quartz.QuartzJob
2026-06-20 06:05:30 DEBUG Calling execute on job AUTO.JOBS
2026-06-20 06:05:30 INFO  触发cmd：20005
2026-06-20 06:05:59 ERROR rankBossTimeOut 1009 
2026-06-20 06:06:00 DEBUG Producing instance of Job 'AUTO.JOBS', class=com.linlongyx.sanguo.webgame.quartz.QuartzJob
2026-06-20 06:06:00 DEBUG Calling execute on job AUTO.JOBS
2026-06-20 06:06:00 INFO  触发cmd：20005
2026-06-20 06:06:19 ERROR rankBossReBorn 1001 
2026-06-20 06:06:30 DEBUG Producing instance of Job 'AUTO.JOBS', class=com.linlongyx.sanguo.webgame.quartz.QuartzJob
2026-06-20 06:06:30 DEBUG Calling execute on job AUTO.JOBS
2026-06-20 06:06:30 INFO  触发cmd：20005
2026-06-20 06:07:00 DEBUG Producing instance of Job 'AUTO.JOBS', class=com.linlongyx.sanguo.webgame.quartz.QuartzJob
2026-06-20 06:07:00 DEBUG Calling execute on job AUTO.JOBS
2026-06-20 06:07:00 INFO  触发cmd：20005
2026-06-20 06:07:30 DEBUG Producing instance of Job 'AUTO.JOBS', class=com.linlongyx.sanguo.webgame.quartz.QuartzJob
2026-06-20 06:07:30 DEBUG Calling execute on job AUTO.JOBS
2026-06-20 06:07:30 INFO  触发cmd：20005
2026-06-20 06:07:39 ERROR rankBossReBorn 1006 
2026-06-20 06:07:39 ERROR rankBossTimeOut 1010 
2026-06-20 06:07:59 ERROR rankBossTimeOut 1001 
2026-06-20 06:08:00 DEBUG Producing instance of Job 'AUTO.JOBS', class=com.linlongyx.sanguo.webgame.quartz.QuartzJob
2026-06-20 06:08:00 DEBUG Calling execute on job AUTO.JOBS
2026-06-20 06:08:00 INFO  触发cmd：20005
2026-06-20 06:08:29 ERROR rankBossTimeOut 1002 
2026-06-20 06:08:30 DEBUG Producing instance of Job 'AUTO.JOBS', class=com.linlongyx.sanguo.webgame.quartz.QuartzJob
2026-06-20 06:08:30 DEBUG Calling execute on job AUTO.JOBS
2026-06-20 06:08:30 INFO  触发cmd：20005
2026-06-20 06:08:59 ERROR rankBossReBorn 1001 
2026-06-20 06:09:00 DEBUG Producing instance of Job 'AUTO.JOBS', class=com.linlongyx.sanguo.webgame.quartz.QuartzJob
2026-06-20 06:09:00 DEBUG Calling execute on job AUTO.JOBS
2026-06-20 06:09:00 INFO  触发cmd：20005
2026-06-20 06:09:15 INFO  HttpServerHandler.channelRead0:
2026-06-20 06:09:16 ERROR Varolan bir bağlantı uzaktaki bir ana bilgisayar tarafından zorla kapatıldı
2026-06-20 06:09:19 ERROR rankBossTimeOut 1003 
2026-06-20 06:09:19 ERROR rankBossTimeOut 1004 
2026-06-20 06:09:19 ERROR rankBossTimeOut 1011 
2026-06-20 06:09:30 DEBUG Producing instance of Job 'AUTO.JOBS', class=com.linlongyx.sanguo.webgame.quartz.QuartzJob
2026-06-20 06:09:30 DEBUG Calling execute on job AUTO.JOBS
2026-06-20 06:09:30 INFO  触发cmd：20005
2026-06-20 06:10:00 DEBUG Producing instance of Job 'AUTO.JOBS', class=com.linlongyx.sanguo.webgame.quartz.QuartzJob
2026-06-20 06:10:00 DEBUG Calling execute on job AUTO.JOBS
2026-06-20 06:10:00 DEBUG Producing instance of Job 'AUTO.JOBS', class=com.linlongyx.sanguo.webgame.quartz.QuartzJob
2026-06-20 06:10:00 DEBUG Calling execute on job AUTO.JOBS
2026-06-20 06:10:00 ERROR destiny rank refresh 
2026-06-20 06:10:00 INFO  触发cmd：20003
2026-06-20 06:10:00 INFO  触发cmd：20005
2026-06-20 06:10:09 ERROR rankBossReBorn 1007 
2026-06-20 06:10:30 DEBUG Producing instance of Job 'AUTO.JOBS', class=com.linlongyx.sanguo.webgame.quartz.QuartzJob
2026-06-20 06:10:30 DEBUG Calling execute on job AUTO.JOBS
2026-06-20 06:10:30 INFO  触发cmd：20005
2026-06-20 06:10:46 INFO  Refreshing org.springframework.context.annotation.AnnotationConfigApplicationContext@61064425: startup date [Sat Jun 20 06:10:46 EET 2026]; root of context hierarchy
2026-06-20 06:10:46 INFO  Loading XML bean definitions from class path resource [webgame/beans/server-beans.xml]
2026-06-20 06:10:47 INFO  Loading XML bean definitions from class path resource [webgame/beans/mysql-beans.xml]
2026-06-20 06:10:47 INFO  Loading XML bean definitions from class path resource [webgame/beans/service-beans.xml]
2026-06-20 06:10:47 INFO  Loading XML bean definitions from class path resource [webgame/beans/mysql-beans.xml]
2026-06-20 06:10:47 INFO  Loading XML bean definitions from class path resource [webgame/beans/data-beans.xml]
2026-06-20 06:10:47 INFO  Loading properties file from class path resource [webgame/props/webgame.properties]
2026-06-20 06:10:47 INFO  Loading properties file from class path resource [webgame/props/mysql.properties]
2026-06-20 06:10:47 INFO  Loading properties file from class path resource [webgame/props/redis.properties]
2026-06-20 06:10:47 INFO  Loading properties file from class path resource [version.properties]
2026-06-20 06:10:47 DEBUG 加载配置文件 
2026-06-20 06:10:47 DEBUG key -> platform, value -> test 
2026-06-20 06:10:48 DEBUG key -> businessThreadCount, value -> 10 
2026-06-20 06:10:48 DEBUG key -> svn, value -> 32883 
2026-06-20 06:10:48 DEBUG key -> jdbc.url, value -> jdbc:mysql://127.0.0.1:3306/sanguo_game?useUnicode=true&characterEncoding=utf8 
2026-06-20 06:10:48 DEBUG key -> secretKey, value -> 5Jqxjo10Yl2ElQCwJm 
2026-06-20 06:10:48 DEBUG key -> so.backlog, value -> 128 
2026-06-20 06:10:48 DEBUG key -> url, value -> http://127.0.0.1:8080/ 
2026-06-20 06:10:48 DEBUG key -> redis.testOnBorrow, value -> true 
2026-06-20 06:10:48 DEBUG key -> serverId, value -> 10000 
2026-06-20 06:10:48 DEBUG key -> redis.maxTotal, value -> 600 
2026-06-20 06:10:48 DEBUG key -> serverName, value -> å°æ¸¸æ1æ 
2026-06-20 06:10:48 DEBUG key -> logserver.isOpen, value -> false 
2026-06-20 06:10:48 DEBUG key -> redis.port, value -> 6379 
2026-06-20 06:10:48 DEBUG key -> jmxPort, value -> 19301 
2026-06-20 06:10:48 DEBUG key -> redis.db, value -> 13 
2026-06-20 06:10:48 DEBUG key -> redis.timeout, value -> 5000 
2026-06-20 06:10:48 DEBUG key -> logserver.port, value -> 6000 
2026-06-20 06:10:48 DEBUG key -> jdbc.user, value -> root 
2026-06-20 06:10:48 DEBUG key -> keystorePass, value ->  
2026-06-20 06:10:48 DEBUG key -> characterEncoding, value -> UTF-8 
2026-06-20 06:10:48 DEBUG key -> logicRmi.port, value -> 17003 
2026-06-20 06:10:48 DEBUG key -> debug, value -> true 
2026-06-20 06:10:48 DEBUG key -> wss, value -> false 
2026-06-20 06:10:48 DEBUG key -> dataLocation, value -> cn 
2026-06-20 06:10:48 DEBUG key -> useUnicode, value -> true 
2026-06-20 06:10:48 DEBUG key -> redis.pass, value -> e5968b5bd4f916e4 
2026-06-20 06:10:48 DEBUG key -> jmxPass, value -> g6UoONwr6joi1ApG 
2026-06-20 06:10:48 DEBUG key -> appId, value -> 100962 
2026-06-20 06:10:48 DEBUG key -> jks, value -> sanguo-lb1.linlongyx.com 
2026-06-20 06:10:48 DEBUG key -> so.keepalive, value -> true 
2026-06-20 06:10:48 DEBUG key -> http.port, value -> 19268 
2026-06-20 06:10:48 DEBUG key -> jdbc.driverClassName, value -> com.mysql.jdbc.Driver 
2026-06-20 06:10:48 DEBUG key -> cchId, value -> 392 
2026-06-20 06:10:48 DEBUG key -> workerThreadCount, value -> 14 
2026-06-20 06:10:48 DEBUG key -> bossThreadCount, value -> 1 
2026-06-20 06:10:48 DEBUG key -> redis.host, value -> 127.0.0.1 
2026-06-20 06:10:48 DEBUG key -> logserver.host, value -> 127.0.0.1 
2026-06-20 06:10:48 DEBUG key -> openTime, value -> 2017-09-02 00:00:00 
2026-06-20 06:10:48 DEBUG key -> logserver.dataPath, value -> ./log 
2026-06-20 06:10:48 DEBUG key -> wordLocation, value -> cn 
2026-06-20 06:10:48 DEBUG key -> ws.port, value -> 19101 
2026-06-20 06:10:48 DEBUG key -> jdbc.password, value -> X7kR9mP2qN5wL8jZ 
2026-06-20 06:10:48 DEBUG key -> logicRmi.cmport, value -> 17004 
2026-06-20 06:10:48 DEBUG key -> path, value -> webgame/platform/ 
2026-06-20 06:10:48 DEBUG key -> rmi.url, value -> rmi://127.0.0.1:19850/crossRankRMI 
2026-06-20 06:10:48 DEBUG key -> tag, value -> 24b0d14d02f7970e270d2b70dfab4ea62fc2390a 
2026-06-20 06:10:48 DEBUG key -> logicRmi.host, value -> 127.0.0.1 
2026-06-20 06:10:48 DEBUG key -> jmxName, value -> llyx-sanguo 
2026-06-20 06:10:48 DEBUG key -> crossUrl, value -> wss://sanguo-lb1.linlongyx.com:5003/ws 
2026-06-20 06:10:48 DEBUG key -> redis.maxWait, value -> 10000 
2026-06-20 06:10:48 DEBUG key -> version, value -> 1.1000 
2026-06-20 06:10:48 DEBUG key -> httpSwitch, value -> false 
2026-06-20 06:10:48 DEBUG key -> ws, value -> true 
2026-06-20 06:10:48 DEBUG key -> logicRmi.serviceName, value -> crossRankLogicRMI 
2026-06-20 06:10:48 DEBUG key -> redis.maxIdle, value -> 300 
2026-06-20 06:10:49 INFO  {dataSource-1} inited
2026-06-20 06:10:49 INFO  Loaded JDBC driver: com.mysql.jdbc.Driver
2026-06-20 06:10:54 ERROR LogicRmiManager::publish rmi service url: {} rmi://127.0.0.1:17003/crossRankLogicRMI 
2026-06-20 06:11:08 ERROR ContinuityParameter {1={"actId":1,"startTime":1504818000,"endTime":1504904400,"closeTime":0}, 2={"actId":2,"startTime":1504558800,"endTime":1505163600,"closeTime":0}, 3={"actId":3,"startTime":1551733200,"endTime":1552337999,"closeTime":0}} 
2026-06-20 06:11:09 DEBUG {conn-10004, pstmt-20016} enter cache
2026-06-20 06:11:09 DEBUG {conn-10004, pstmt-20017} enter cache
2026-06-20 06:11:09 ERROR update group Pre:update tb_group set id=10000000000 + id where id != 0 and id<=10000000000; 
2026-06-20 06:11:09 ERROR update groupMember Pre:update tb_groupMember set id=10000000000 + id where id != 0 and id<=10000000000; 
2026-06-20 06:11:09 ERROR ArenaRankError 10001000002 10001000276 3001 
2026-06-20 06:11:09 ERROR ArenaRankError 10001000276 10001000353 3001 
2026-06-20 06:11:09 ERROR ArenaRankError 10001000353 10001000321 3001 
2026-06-20 06:11:09 ERROR ArenaRankError 10001000321 10001000233 3001 
2026-06-20 06:11:09 ERROR ArenaRankError 10001000233 10001000292 3001 
2026-06-20 06:11:09 DEBUG server open days: 3214, rankAct id: 8, state: Expire 
2026-06-20 06:11:09 DEBUG server open days: 3214, rankAct id: 9, state: Expire 
2026-06-20 06:11:09 DEBUG server open days: 3214, rankAct id: 10, state: Expire 
2026-06-20 06:11:09 DEBUG server open days: 3214, rankAct id: 11, state: Expire 
2026-06-20 06:11:09 DEBUG server open days: 3214, rankAct id: 12, state: Expire 
2026-06-20 06:11:09 DEBUG server open days: 3214, rankAct id: 13, state: Expire 
2026-06-20 06:11:09 DEBUG server open days: 3214, rankAct id: 14, state: Expire 
2026-06-20 06:11:10 WARN  Unknown channel option 'SO_KEEPALIVE' for channel '[id: 0x3ed5c7cc]'
2026-06-20 06:11:10 WARN  Unknown channel option 'SO_KEEPALIVE' for channel '[id: 0x21547d0c]'
2026-06-20 06:11:10 INFO  Using default implementation for ThreadExecutor
2026-06-20 06:11:10 INFO  Initialized Scheduler Signaller of type: class org.quartz.core.SchedulerSignalerImpl
2026-06-20 06:11:10 INFO  Quartz Scheduler v.1.8.6 created.
2026-06-20 06:11:10 INFO  Registering Quartz Job Initialization Plug-in.
2026-06-20 06:11:10 INFO  RAMJobStore initialized.
2026-06-20 06:11:10 INFO  Scheduler meta-data: Quartz Scheduler (v1.8.6) 'AUTO' with instanceId 'NON_CLUSTERED'
  Scheduler class: 'org.quartz.core.QuartzScheduler' - running locally.
  NOT STARTED.
  Currently in standby mode.
  Number of jobs executed: 0
  Using thread pool 'org.quartz.simpl.SimpleThreadPool' - with 5 threads.
  Using job-store 'org.quartz.simpl.RAMJobStore' - which does not support persistence. and is not clustered.

2026-06-20 06:11:10 INFO  Quartz scheduler 'AUTO' initialized from default resource file in Quartz package: 'quartz.properties'
2026-06-20 06:11:10 INFO  Quartz scheduler version: 1.8.6
2026-06-20 06:11:10 DEBUG Utilizing schema packaged in local quartz distribution jar.
2026-06-20 06:11:10 INFO  Parsing XML file: quartz_jobs.xml with systemId: quartz_jobs.xml
2026-06-20 06:11:10 DEBUG Found 0 delete job group commands.
2026-06-20 06:11:10 DEBUG Found 0 delete trigger group commands.
2026-06-20 06:11:10 DEBUG Found 0 delete job commands.
2026-06-20 06:11:10 DEBUG Found 0 delete trigger commands.
2026-06-20 06:11:10 DEBUG Directive 'overwrite-existing-data' not specified, defaulting to true
2026-06-20 06:11:10 DEBUG Directive 'ignore-duplicates' not specified, defaulting to false
2026-06-20 06:11:10 DEBUG Found 1 job definitions.
2026-06-20 06:11:10 DEBUG Parsed job definition: JobDetail 'AUTO.JOBS':  jobClass: 'com.linlongyx.sanguo.webgame.quartz.QuartzJob isStateful: false isVolatile: false isDurable: false requestsRecovers: false
2026-06-20 06:11:10 DEBUG Found 11 trigger definitions.
2026-06-20 06:11:10 DEBUG Parsed trigger definition: Trigger 'DEFAULT.10000':  triggerClass: 'org.quartz.CronTrigger isVolatile: false calendar: 'null' misfireInstruction: 0 nextFireTime: null
2026-06-20 06:11:10 DEBUG Parsed trigger definition: Trigger 'DEFAULT.10001':  triggerClass: 'org.quartz.CronTrigger isVolatile: false calendar: 'null' misfireInstruction: 0 nextFireTime: null
2026-06-20 06:11:10 DEBUG Parsed trigger definition: Trigger 'DEFAULT.10002':  triggerClass: 'org.quartz.CronTrigger isVolatile: false calendar: 'null' misfireInstruction: 0 nextFireTime: null
2026-06-20 06:11:10 DEBUG Parsed trigger definition: Trigger 'DEFAULT.10010':  triggerClass: 'org.quartz.CronTrigger isVolatile: false calendar: 'null' misfireInstruction: 0 nextFireTime: null
2026-06-20 06:11:10 DEBUG Parsed trigger definition: Trigger 'DEFAULT.10011':  triggerClass: 'org.quartz.CronTrigger isVolatile: false calendar: 'null' misfireInstruction: 0 nextFireTime: null
2026-06-20 06:11:11 DEBUG Parsed trigger definition: Trigger 'DEFAULT.10012':  triggerClass: 'org.quartz.CronTrigger isVolatile: false calendar: 'null' misfireInstruction: 0 nextFireTime: null
2026-06-20 06:11:11 DEBUG Parsed trigger definition: Trigger 'DEFAULT.20001':  triggerClass: 'org.quartz.CronTrigger isVolatile: false calendar: 'null' misfireInstruction: 0 nextFireTime: null
2026-06-20 06:11:11 DEBUG Parsed trigger definition: Trigger 'DEFAULT.20003':  triggerClass: 'org.quartz.CronTrigger isVolatile: false calendar: 'null' misfireInstruction: 0 nextFireTime: null
2026-06-20 06:11:11 DEBUG Parsed trigger definition: Trigger 'DEFAULT.20004':  triggerClass: 'org.quartz.CronTrigger isVolatile: false calendar: 'null' misfireInstruction: 0 nextFireTime: null
2026-06-20 06:11:11 DEBUG Parsed trigger definition: Trigger 'DEFAULT.20005':  triggerClass: 'org.quartz.CronTrigger isVolatile: false calendar: 'null' misfireInstruction: 0 nextFireTime: null
2026-06-20 06:11:11 DEBUG Parsed trigger definition: Trigger 'DEFAULT.20006':  triggerClass: 'org.quartz.CronTrigger isVolatile: false calendar: 'null' misfireInstruction: 0 nextFireTime: null
2026-06-20 06:11:11 INFO  Adding 1 jobs, 11 triggers.
2026-06-20 06:11:11 INFO  Adding job: AUTO.JOBS
2026-06-20 06:11:11 DEBUG Scheduling job: AUTO.JOBS with trigger: DEFAULT.10000
2026-06-20 06:11:11 DEBUG Scheduling job: AUTO.JOBS with trigger: DEFAULT.10001
2026-06-20 06:11:11 DEBUG Scheduling job: AUTO.JOBS with trigger: DEFAULT.10002
2026-06-20 06:11:11 DEBUG Scheduling job: AUTO.JOBS with trigger: DEFAULT.10010
2026-06-20 06:11:11 DEBUG Scheduling job: AUTO.JOBS with trigger: DEFAULT.10011
2026-06-20 06:11:11 DEBUG Scheduling job: AUTO.JOBS with trigger: DEFAULT.10012
2026-06-20 06:11:11 DEBUG Scheduling job: AUTO.JOBS with trigger: DEFAULT.20001
2026-06-20 06:11:11 DEBUG Scheduling job: AUTO.JOBS with trigger: DEFAULT.20003
2026-06-20 06:11:11 DEBUG Scheduling job: AUTO.JOBS with trigger: DEFAULT.20004
2026-06-20 06:11:11 DEBUG Scheduling job: AUTO.JOBS with trigger: DEFAULT.20005
2026-06-20 06:11:11 DEBUG Scheduling job: AUTO.JOBS with trigger: DEFAULT.20006
2026-06-20 06:11:11 INFO  Scheduler AUTO_$_NON_CLUSTERED started.
2026-06-20 06:11:11 DEBUG Reading descriptors ( dom ) 32
2026-06-20 06:11:11 DEBUG Using existing MBeanServer 0
2026-06-20 06:11:11 DEBUG default constructor
2026-06-20 06:11:11 DEBUG preRegister com.linlongyx.sanguo.webgame.service.LookUpService@1c807b1d onlineNum:Click=ShowDetail
2026-06-20 06:11:11 DEBUG default constructor
2026-06-20 06:11:11 DEBUG preRegister com.linlongyx.sanguo.webgame.service.JsonTableService@238b521e reload:Click=reloadJson
2026-06-20 06:11:11 DEBUG default constructor
2026-06-20 06:11:11 DEBUG preRegister com.linlongyx.core.utils.ChatUtil@1b39fd82 reload:Click=reloadSensitive
2026-06-20 06:11:11 ERROR Started version:  110000 
2026-06-20 06:11:11 DEBUG Checking for available updated version of Quartz...
2026-06-20 06:11:11 DEBUG Quartz version update check failed: Server returned HTTP response code: 403 for URL: http://www.terracotta.org/kit/reflector?kitID=quartz&pageID=update.properties&id=-1062731413&os-name=Windows+10&jvm-name=Java+HotSpot%28TM%29+64-Bit+Server+VM&jvm-version=1.8.0_181&platform=amd64&tc-version=1.8.6&tc-product=Quartz&source=Quartz&uptime-secs=1&patch=UNKNOWN
2026-06-20 06:11:30 DEBUG Producing instance of Job 'AUTO.JOBS', class=com.linlongyx.sanguo.webgame.quartz.QuartzJob
2026-06-20 06:11:30 DEBUG Calling execute on job AUTO.JOBS
2026-06-20 06:11:30 INFO  触发cmd：20005
2026-06-20 06:11:54 INFO  初始化 消息处理器成功
2026-06-20 06:11:54 ERROR LoginInfoProcessor::handleRequest 5 10000 0 
2026-06-20 06:12:00 DEBUG Producing instance of Job 'AUTO.JOBS', class=com.linlongyx.sanguo.webgame.quartz.QuartzJob
2026-06-20 06:12:00 DEBUG Calling execute on job AUTO.JOBS
2026-06-20 06:12:00 INFO  触发cmd：20005
2026-06-20 06:12:30 DEBUG Producing instance of Job 'AUTO.JOBS', class=com.linlongyx.sanguo.webgame.quartz.QuartzJob
2026-06-20 06:12:30 DEBUG Calling execute on job AUTO.JOBS
2026-06-20 06:12:30 INFO  触发cmd：20005
2026-06-20 06:12:49 ERROR rankBossTimeOut 1001 
2026-06-20 06:12:59 ERROR LoginInfoProcessor::handleRequest 5 10000 0 
2026-06-20 06:13:00 DEBUG Producing instance of Job 'AUTO.JOBS', class=com.linlongyx.sanguo.webgame.quartz.QuartzJob
2026-06-20 06:13:00 DEBUG Calling execute on job AUTO.JOBS
2026-06-20 06:13:00 INFO  触发cmd：20005
2026-06-20 06:13:40 INFO  Refreshing org.springframework.context.annotation.AnnotationConfigApplicationContext@61064425: startup date [Sat Jun 20 06:13:40 EET 2026]; root of context hierarchy
2026-06-20 06:13:40 INFO  Loading XML bean definitions from class path resource [webgame/beans/server-beans.xml]
2026-06-20 06:13:40 INFO  Loading XML bean definitions from class path resource [webgame/beans/mysql-beans.xml]
2026-06-20 06:13:40 INFO  Loading XML bean definitions from class path resource [webgame/beans/service-beans.xml]
2026-06-20 06:13:40 INFO  Loading XML bean definitions from class path resource [webgame/beans/mysql-beans.xml]
2026-06-20 06:13:41 INFO  Loading XML bean definitions from class path resource [webgame/beans/data-beans.xml]
2026-06-20 06:13:41 INFO  Loading properties file from class path resource [webgame/props/webgame.properties]
2026-06-20 06:13:41 INFO  Loading properties file from class path resource [webgame/props/mysql.properties]
2026-06-20 06:13:41 INFO  Loading properties file from class path resource [webgame/props/redis.properties]
2026-06-20 06:13:41 INFO  Loading properties file from class path resource [version.properties]
2026-06-20 06:13:41 DEBUG 加载配置文件 
2026-06-20 06:13:41 DEBUG key -> platform, value -> test 
2026-06-20 06:13:41 DEBUG key -> businessThreadCount, value -> 10 
2026-06-20 06:13:41 DEBUG key -> svn, value -> 32883 
2026-06-20 06:13:41 DEBUG key -> jdbc.url, value -> jdbc:mysql://127.0.0.1:3306/sanguo_game?useUnicode=true&characterEncoding=utf8 
2026-06-20 06:13:41 DEBUG key -> secretKey, value -> 5Jqxjo10Yl2ElQCwJm 
2026-06-20 06:13:41 DEBUG key -> so.backlog, value -> 128 
2026-06-20 06:13:41 DEBUG key -> url, value -> http://127.0.0.1:8080/ 
2026-06-20 06:13:41 DEBUG key -> redis.testOnBorrow, value -> true 
2026-06-20 06:13:41 DEBUG key -> serverId, value -> 10000 
2026-06-20 06:13:41 DEBUG key -> redis.maxTotal, value -> 600 
2026-06-20 06:13:41 DEBUG key -> serverName, value -> å°æ¸¸æ1æ 
2026-06-20 06:13:41 DEBUG key -> logserver.isOpen, value -> false 
2026-06-20 06:13:41 DEBUG key -> redis.port, value -> 6379 
2026-06-20 06:13:41 DEBUG key -> jmxPort, value -> 19301 
2026-06-20 06:13:41 DEBUG key -> redis.db, value -> 13 
2026-06-20 06:13:41 DEBUG key -> redis.timeout, value -> 5000 
2026-06-20 06:13:41 DEBUG key -> logserver.port, value -> 6000 
2026-06-20 06:13:41 DEBUG key -> jdbc.user, value -> root 
2026-06-20 06:13:41 DEBUG key -> keystorePass, value ->  
2026-06-20 06:13:41 DEBUG key -> characterEncoding, value -> UTF-8 
2026-06-20 06:13:41 DEBUG key -> logicRmi.port, value -> 17003 
2026-06-20 06:13:41 DEBUG key -> debug, value -> true 
2026-06-20 06:13:41 DEBUG key -> wss, value -> false 
2026-06-20 06:13:41 DEBUG key -> dataLocation, value -> cn 
2026-06-20 06:13:41 DEBUG key -> useUnicode, value -> true 
2026-06-20 06:13:41 DEBUG key -> redis.pass, value -> e5968b5bd4f916e4 
2026-06-20 06:13:41 DEBUG key -> jmxPass, value -> g6UoONwr6joi1ApG 
2026-06-20 06:13:41 DEBUG key -> appId, value -> 100962 
2026-06-20 06:13:41 DEBUG key -> jks, value -> sanguo-lb1.linlongyx.com 
2026-06-20 06:13:41 DEBUG key -> so.keepalive, value -> true 
2026-06-20 06:13:41 DEBUG key -> http.port, value -> 19268 
2026-06-20 06:13:41 DEBUG key -> jdbc.driverClassName, value -> com.mysql.jdbc.Driver 
2026-06-20 06:13:41 DEBUG key -> cchId, value -> 392 
2026-06-20 06:13:41 DEBUG key -> workerThreadCount, value -> 14 
2026-06-20 06:13:41 DEBUG key -> bossThreadCount, value -> 1 
2026-06-20 06:13:41 DEBUG key -> redis.host, value -> 127.0.0.1 
2026-06-20 06:13:41 DEBUG key -> logserver.host, value -> 127.0.0.1 
2026-06-20 06:13:41 DEBUG key -> openTime, value -> 2017-09-02 00:00:00 
2026-06-20 06:13:41 DEBUG key -> logserver.dataPath, value -> ./log 
2026-06-20 06:13:41 DEBUG key -> wordLocation, value -> cn 
2026-06-20 06:13:41 DEBUG key -> ws.port, value -> 19101 
2026-06-20 06:13:41 DEBUG key -> jdbc.password, value -> X7kR9mP2qN5wL8jZ 
2026-06-20 06:13:41 DEBUG key -> logicRmi.cmport, value -> 17004 
2026-06-20 06:13:41 DEBUG key -> path, value -> webgame/platform/ 
2026-06-20 06:13:41 DEBUG key -> rmi.url, value -> rmi://127.0.0.1:19850/crossRankRMI 
2026-06-20 06:13:41 DEBUG key -> tag, value -> 24b0d14d02f7970e270d2b70dfab4ea62fc2390a 
2026-06-20 06:13:41 DEBUG key -> logicRmi.host, value -> 127.0.0.1 
2026-06-20 06:13:41 DEBUG key -> jmxName, value -> llyx-sanguo 
2026-06-20 06:13:41 DEBUG key -> crossUrl, value -> wss://sanguo-lb1.linlongyx.com:5003/ws 
2026-06-20 06:13:41 DEBUG key -> redis.maxWait, value -> 10000 
2026-06-20 06:13:41 DEBUG key -> version, value -> 1.1000 
2026-06-20 06:13:41 DEBUG key -> httpSwitch, value -> false 
2026-06-20 06:13:41 DEBUG key -> ws, value -> true 
2026-06-20 06:13:41 DEBUG key -> logicRmi.serviceName, value -> crossRankLogicRMI 
2026-06-20 06:13:41 DEBUG key -> redis.maxIdle, value -> 300 
2026-06-20 06:13:43 INFO  {dataSource-1} inited
2026-06-20 06:13:43 INFO  Loaded JDBC driver: com.mysql.jdbc.Driver
2026-06-20 06:13:49 ERROR LogicRmiManager::publish rmi service url: {} rmi://127.0.0.1:17003/crossRankLogicRMI 
2026-06-20 06:14:03 ERROR ContinuityParameter {1={"actId":1,"startTime":1504818000,"endTime":1504904400,"closeTime":0}, 2={"actId":2,"startTime":1504558800,"endTime":1505163600,"closeTime":0}, 3={"actId":3,"startTime":1551733200,"endTime":1552337999,"closeTime":0}} 
2026-06-20 06:14:06 DEBUG {conn-10004, pstmt-20016} enter cache
2026-06-20 06:14:06 DEBUG {conn-10004, pstmt-20017} enter cache
2026-06-20 06:14:06 ERROR update group Pre:update tb_group set id=10000000000 + id where id != 0 and id<=10000000000; 
2026-06-20 06:14:06 ERROR update groupMember Pre:update tb_groupMember set id=10000000000 + id where id != 0 and id<=10000000000; 
2026-06-20 06:14:06 ERROR ArenaRankError 10001000356 10001000196 3001 
2026-06-20 06:14:06 ERROR ArenaRankError 10001000196 10001000292 3001 
2026-06-20 06:14:06 DEBUG server open days: 3214, rankAct id: 8, state: Expire 
2026-06-20 06:14:06 DEBUG server open days: 3214, rankAct id: 9, state: Expire 
2026-06-20 06:14:06 DEBUG server open days: 3214, rankAct id: 10, state: Expire 
2026-06-20 06:14:06 DEBUG server open days: 3214, rankAct id: 11, state: Expire 
2026-06-20 06:14:06 DEBUG server open days: 3214, rankAct id: 12, state: Expire 
2026-06-20 06:14:06 DEBUG server open days: 3214, rankAct id: 13, state: Expire 
2026-06-20 06:14:06 DEBUG server open days: 3214, rankAct id: 14, state: Expire 
2026-06-20 06:14:07 WARN  Unknown channel option 'SO_KEEPALIVE' for channel '[id: 0x29579362]'
2026-06-20 06:14:07 WARN  Unknown channel option 'SO_KEEPALIVE' for channel '[id: 0xc8d320cc]'
2026-06-20 06:14:07 INFO  Using default implementation for ThreadExecutor
2026-06-20 06:14:07 INFO  Initialized Scheduler Signaller of type: class org.quartz.core.SchedulerSignalerImpl
2026-06-20 06:14:07 INFO  Quartz Scheduler v.1.8.6 created.
2026-06-20 06:14:07 INFO  Registering Quartz Job Initialization Plug-in.
2026-06-20 06:14:07 INFO  RAMJobStore initialized.
2026-06-20 06:14:07 INFO  Scheduler meta-data: Quartz Scheduler (v1.8.6) 'AUTO' with instanceId 'NON_CLUSTERED'
  Scheduler class: 'org.quartz.core.QuartzScheduler' - running locally.
  NOT STARTED.
  Currently in standby mode.
  Number of jobs executed: 0
  Using thread pool 'org.quartz.simpl.SimpleThreadPool' - with 5 threads.
  Using job-store 'org.quartz.simpl.RAMJobStore' - which does not support persistence. and is not clustered.

2026-06-20 06:14:07 INFO  Quartz scheduler 'AUTO' initialized from default resource file in Quartz package: 'quartz.properties'
2026-06-20 06:14:07 INFO  Quartz scheduler version: 1.8.6
2026-06-20 06:14:07 DEBUG Utilizing schema packaged in local quartz distribution jar.
2026-06-20 06:14:07 INFO  Parsing XML file: quartz_jobs.xml with systemId: quartz_jobs.xml
2026-06-20 06:14:07 DEBUG Found 0 delete job group commands.
2026-06-20 06:14:07 DEBUG Found 0 delete trigger group commands.
2026-06-20 06:14:07 DEBUG Found 0 delete job commands.
2026-06-20 06:14:07 DEBUG Found 0 delete trigger commands.
2026-06-20 06:14:07 DEBUG Directive 'overwrite-existing-data' not specified, defaulting to true
2026-06-20 06:14:07 DEBUG Directive 'ignore-duplicates' not specified, defaulting to false
2026-06-20 06:14:07 DEBUG Found 1 job definitions.
2026-06-20 06:14:07 DEBUG Parsed job definition: JobDetail 'AUTO.JOBS':  jobClass: 'com.linlongyx.sanguo.webgame.quartz.QuartzJob isStateful: false isVolatile: false isDurable: false requestsRecovers: false
2026-06-20 06:14:07 DEBUG Found 11 trigger definitions.
2026-06-20 06:14:07 DEBUG Parsed trigger definition: Trigger 'DEFAULT.10000':  triggerClass: 'org.quartz.CronTrigger isVolatile: false calendar: 'null' misfireInstruction: 0 nextFireTime: null
2026-06-20 06:14:07 DEBUG Parsed trigger definition: Trigger 'DEFAULT.10001':  triggerClass: 'org.quartz.CronTrigger isVolatile: false calendar: 'null' misfireInstruction: 0 nextFireTime: null
2026-06-20 06:14:07 DEBUG Parsed trigger definition: Trigger 'DEFAULT.10002':  triggerClass: 'org.quartz.CronTrigger isVolatile: false calendar: 'null' misfireInstruction: 0 nextFireTime: null
2026-06-20 06:14:07 DEBUG Parsed trigger definition: Trigger 'DEFAULT.10010':  triggerClass: 'org.quartz.CronTrigger isVolatile: false calendar: 'null' misfireInstruction: 0 nextFireTime: null
2026-06-20 06:14:08 DEBUG Parsed trigger definition: Trigger 'DEFAULT.10011':  triggerClass: 'org.quartz.CronTrigger isVolatile: false calendar: 'null' misfireInstruction: 0 nextFireTime: null
2026-06-20 06:14:08 DEBUG Parsed trigger definition: Trigger 'DEFAULT.10012':  triggerClass: 'org.quartz.CronTrigger isVolatile: false calendar: 'null' misfireInstruction: 0 nextFireTime: null
2026-06-20 06:14:08 DEBUG Parsed trigger definition: Trigger 'DEFAULT.20001':  triggerClass: 'org.quartz.CronTrigger isVolatile: false calendar: 'null' misfireInstruction: 0 nextFireTime: null
2026-06-20 06:14:08 DEBUG Parsed trigger definition: Trigger 'DEFAULT.20003':  triggerClass: 'org.quartz.CronTrigger isVolatile: false calendar: 'null' misfireInstruction: 0 nextFireTime: null
2026-06-20 06:14:08 DEBUG Parsed trigger definition: Trigger 'DEFAULT.20004':  triggerClass: 'org.quartz.CronTrigger isVolatile: false calendar: 'null' misfireInstruction: 0 nextFireTime: null
2026-06-20 06:14:08 DEBUG Parsed trigger definition: Trigger 'DEFAULT.20005':  triggerClass: 'org.quartz.CronTrigger isVolatile: false calendar: 'null' misfireInstruction: 0 nextFireTime: null
2026-06-20 06:14:08 DEBUG Parsed trigger definition: Trigger 'DEFAULT.20006':  triggerClass: 'org.quartz.CronTrigger isVolatile: false calendar: 'null' misfireInstruction: 0 nextFireTime: null
2026-06-20 06:14:08 INFO  Adding 1 jobs, 11 triggers.
2026-06-20 06:14:08 INFO  Adding job: AUTO.JOBS
2026-06-20 06:14:08 DEBUG Scheduling job: AUTO.JOBS with trigger: DEFAULT.10000
2026-06-20 06:14:08 DEBUG Scheduling job: AUTO.JOBS with trigger: DEFAULT.10001
2026-06-20 06:14:08 DEBUG Scheduling job: AUTO.JOBS with trigger: DEFAULT.10002
2026-06-20 06:14:08 DEBUG Scheduling job: AUTO.JOBS with trigger: DEFAULT.10010
2026-06-20 06:14:08 DEBUG Scheduling job: AUTO.JOBS with trigger: DEFAULT.10011
2026-06-20 06:14:08 DEBUG Scheduling job: AUTO.JOBS with trigger: DEFAULT.10012
2026-06-20 06:14:08 DEBUG Scheduling job: AUTO.JOBS with trigger: DEFAULT.20001
2026-06-20 06:14:08 DEBUG Scheduling job: AUTO.JOBS with trigger: DEFAULT.20003
2026-06-20 06:14:08 DEBUG Scheduling job: AUTO.JOBS with trigger: DEFAULT.20004
2026-06-20 06:14:08 DEBUG Scheduling job: AUTO.JOBS with trigger: DEFAULT.20005
2026-06-20 06:14:08 DEBUG Scheduling job: AUTO.JOBS with trigger: DEFAULT.20006
2026-06-20 06:14:08 INFO  Scheduler AUTO_$_NON_CLUSTERED started.
2026-06-20 06:14:08 DEBUG Reading descriptors ( dom ) 20
2026-06-20 06:14:08 DEBUG Using existing MBeanServer 0
2026-06-20 06:14:08 DEBUG default constructor
2026-06-20 06:14:08 DEBUG preRegister com.linlongyx.sanguo.webgame.service.LookUpService@1c807b1d onlineNum:Click=ShowDetail
2026-06-20 06:14:08 DEBUG default constructor
2026-06-20 06:14:08 DEBUG preRegister com.linlongyx.sanguo.webgame.service.JsonTableService@238b521e reload:Click=reloadJson
2026-06-20 06:14:08 DEBUG default constructor
2026-06-20 06:14:08 DEBUG preRegister com.linlongyx.core.utils.ChatUtil@1b39fd82 reload:Click=reloadSensitive
2026-06-20 06:14:08 ERROR Started version:  110000 
2026-06-20 06:14:08 DEBUG Checking for available updated version of Quartz...
2026-06-20 06:14:09 DEBUG Quartz version update check failed: Server returned HTTP response code: 403 for URL: http://www.terracotta.org/kit/reflector?kitID=quartz&pageID=update.properties&id=-1062731413&os-name=Windows+10&jvm-name=Java+HotSpot%28TM%29+64-Bit+Server+VM&jvm-version=1.8.0_181&platform=amd64&tc-version=1.8.6&tc-product=Quartz&source=Quartz&uptime-secs=1&patch=UNKNOWN
2026-06-20 06:14:30 DEBUG Producing instance of Job 'AUTO.JOBS', class=com.linlongyx.sanguo.webgame.quartz.QuartzJob
2026-06-20 06:14:30 DEBUG Calling execute on job AUTO.JOBS
2026-06-20 06:14:30 INFO  触发cmd：20005
2026-06-20 06:14:38 INFO  初始化 消息处理器成功
2026-06-20 06:14:38 ERROR LoginInfoProcessor::handleRequest 6 10000 0 
2026-06-20 06:14:39 ERROR Send errorCode:10017, responseId:20002 
2026-06-20 06:15:00 DEBUG Producing instance of Job 'AUTO.JOBS', class=com.linlongyx.sanguo.webgame.quartz.QuartzJob
2026-06-20 06:15:00 DEBUG Calling execute on job AUTO.JOBS
2026-06-20 06:15:00 DEBUG Producing instance of Job 'AUTO.JOBS', class=com.linlongyx.sanguo.webgame.quartz.QuartzJob
2026-06-20 06:15:00 DEBUG Calling execute on job AUTO.JOBS
2026-06-20 06:15:00 ERROR destiny rank refresh 
2026-06-20 06:15:00 INFO  触发cmd：20005
2026-06-20 06:15:00 INFO  触发cmd：20003
2026-06-20 06:15:30 DEBUG Producing instance of Job 'AUTO.JOBS', class=com.linlongyx.sanguo.webgame.quartz.QuartzJob
2026-06-20 06:15:30 DEBUG Calling execute on job AUTO.JOBS
2026-06-20 06:15:30 INFO  触发cmd：20005
2026-06-20 06:15:46 ERROR rankBossTimeOut 1001 
2026-06-20 06:16:00 DEBUG Producing instance of Job 'AUTO.JOBS', class=com.linlongyx.sanguo.webgame.quartz.QuartzJob
2026-06-20 06:16:00 DEBUG Calling execute on job AUTO.JOBS
2026-06-20 06:16:00 INFO  触发cmd：20005
2026-06-20 06:16:30 DEBUG Producing instance of Job 'AUTO.JOBS', class=com.linlongyx.sanguo.webgame.quartz.QuartzJob
2026-06-20 06:16:30 DEBUG Calling execute on job AUTO.JOBS
2026-06-20 06:16:30 INFO  触发cmd：20005
2026-06-20 06:16:46 ERROR rankBossReBorn 1001 
2026-06-20 06:17:00 DEBUG Producing instance of Job 'AUTO.JOBS', class=com.linlongyx.sanguo.webgame.quartz.QuartzJob
2026-06-20 06:17:00 DEBUG Calling execute on job AUTO.JOBS
2026-06-20 06:17:00 INFO  触发cmd：20005
2026-06-20 06:17:26 ERROR rankBossTimeOut 1002 
2026-06-20 06:17:30 DEBUG Producing instance of Job 'AUTO.JOBS', class=com.linlongyx.sanguo.webgame.quartz.QuartzJob
2026-06-20 06:17:30 DEBUG Calling execute on job AUTO.JOBS
2026-06-20 06:17:30 INFO  触发cmd：20005
2026-06-20 06:18:00 DEBUG Producing instance of Job 'AUTO.JOBS', class=com.linlongyx.sanguo.webgame.quartz.QuartzJob
2026-06-20 06:18:00 DEBUG Calling execute on job AUTO.JOBS
2026-06-20 06:18:00 INFO  触发cmd：20005
2026-06-20 06:18:26 ERROR rankBossTimeOut 1001 
2026-06-20 06:18:30 DEBUG Producing instance of Job 'AUTO.JOBS', class=com.linlongyx.sanguo.webgame.quartz.QuartzJob
2026-06-20 06:18:30 DEBUG Calling execute on job AUTO.JOBS
2026-06-20 06:18:30 INFO  触发cmd：20005
2026-06-20 06:19:00 DEBUG Producing instance of Job 'AUTO.JOBS', class=com.linlongyx.sanguo.webgame.quartz.QuartzJob
2026-06-20 06:19:00 DEBUG Calling execute on job AUTO.JOBS
2026-06-20 06:19:00 INFO  触发cmd：20005
2026-06-20 06:19:06 ERROR rankBossTimeOut 1003 
2026-06-20 06:19:26 ERROR rankBossReBorn 1001 
2026-06-20 06:19:30 DEBUG Producing instance of Job 'AUTO.JOBS', class=com.linlongyx.sanguo.webgame.quartz.QuartzJob
2026-06-20 06:19:30 DEBUG Calling execute on job AUTO.JOBS
2026-06-20 06:19:30 INFO  触发cmd：20005
2026-06-20 06:19:56 ERROR rankBossReBorn 1002 
2026-06-20 06:20:00 DEBUG Producing instance of Job 'AUTO.JOBS', class=com.linlongyx.sanguo.webgame.quartz.QuartzJob
2026-06-20 06:20:00 DEBUG Calling execute on job AUTO.JOBS
2026-06-20 06:20:00 DEBUG Producing instance of Job 'AUTO.JOBS', class=com.linlongyx.sanguo.webgame.quartz.QuartzJob
2026-06-20 06:20:00 DEBUG Calling execute on job AUTO.JOBS
2026-06-20 06:20:00 ERROR destiny rank refresh 
2026-06-20 06:20:00 INFO  触发cmd：20003
2026-06-20 06:20:00 INFO  触发cmd：20005
2026-06-20 06:20:30 DEBUG Producing instance of Job 'AUTO.JOBS', class=com.linlongyx.sanguo.webgame.quartz.QuartzJob
2026-06-20 06:20:30 DEBUG Calling execute on job AUTO.JOBS
2026-06-20 06:20:30 INFO  触发cmd：20005
2026-06-20 06:21:00 DEBUG Producing instance of Job 'AUTO.JOBS', class=com.linlongyx.sanguo.webgame.quartz.QuartzJob
2026-06-20 06:21:00 DEBUG Calling execute on job AUTO.JOBS
2026-06-20 06:21:00 INFO  触发cmd：20005
2026-06-20 06:21:06 ERROR rankBossTimeOut 1001 
2026-06-20 06:21:47 INFO  Refreshing org.springframework.context.annotation.AnnotationConfigApplicationContext@61064425: startup date [Sat Jun 20 06:21:47 EET 2026]; root of context hierarchy
2026-06-20 06:21:47 INFO  Loading XML bean definitions from class path resource [webgame/beans/server-beans.xml]
2026-06-20 06:21:47 INFO  Loading XML bean definitions from class path resource [webgame/beans/mysql-beans.xml]
2026-06-20 06:21:48 INFO  Loading XML bean definitions from class path resource [webgame/beans/service-beans.xml]
2026-06-20 06:21:48 INFO  Loading XML bean definitions from class path resource [webgame/beans/mysql-beans.xml]
2026-06-20 06:21:48 INFO  Loading XML bean definitions from class path resource [webgame/beans/data-beans.xml]
2026-06-20 06:21:48 INFO  Loading properties file from class path resource [webgame/props/webgame.properties]
2026-06-20 06:21:48 INFO  Loading properties file from class path resource [webgame/props/mysql.properties]
2026-06-20 06:21:48 INFO  Loading properties file from class path resource [webgame/props/redis.properties]
2026-06-20 06:21:48 INFO  Loading properties file from class path resource [version.properties]
2026-06-20 06:21:48 DEBUG 加载配置文件 
2026-06-20 06:21:48 DEBUG key -> platform, value -> test 
2026-06-20 06:21:48 DEBUG key -> businessThreadCount, value -> 10 
2026-06-20 06:21:48 DEBUG key -> svn, value -> 32883 
2026-06-20 06:21:48 DEBUG key -> jdbc.url, value -> jdbc:mysql://127.0.0.1:3306/sanguo_game?useUnicode=true&characterEncoding=utf8 
2026-06-20 06:21:48 DEBUG key -> secretKey, value -> 5Jqxjo10Yl2ElQCwJm 
2026-06-20 06:21:48 DEBUG key -> so.backlog, value -> 128 
2026-06-20 06:21:48 DEBUG key -> url, value -> http://127.0.0.1:8080/ 
2026-06-20 06:21:48 DEBUG key -> redis.testOnBorrow, value -> true 
2026-06-20 06:21:48 DEBUG key -> serverId, value -> 10000 
2026-06-20 06:21:48 DEBUG key -> redis.maxTotal, value -> 600 
2026-06-20 06:21:48 DEBUG key -> serverName, value -> å°æ¸¸æ1æ 
2026-06-20 06:21:48 DEBUG key -> logserver.isOpen, value -> false 
2026-06-20 06:21:48 DEBUG key -> redis.port, value -> 6379 
2026-06-20 06:21:48 DEBUG key -> jmxPort, value -> 19301 
2026-06-20 06:21:48 DEBUG key -> redis.db, value -> 13 
2026-06-20 06:21:48 DEBUG key -> redis.timeout, value -> 5000 
2026-06-20 06:21:48 DEBUG key -> logserver.port, value -> 6000 
2026-06-20 06:21:48 DEBUG key -> jdbc.user, value -> root 
2026-06-20 06:21:48 DEBUG key -> keystorePass, value ->  
2026-06-20 06:21:48 DEBUG key -> characterEncoding, value -> UTF-8 
2026-06-20 06:21:48 DEBUG key -> logicRmi.port, value -> 17003 
2026-06-20 06:21:48 DEBUG key -> debug, value -> true 
2026-06-20 06:21:48 DEBUG key -> wss, value -> false 
2026-06-20 06:21:48 DEBUG key -> dataLocation, value -> cn 
2026-06-20 06:21:48 DEBUG key -> useUnicode, value -> true 
2026-06-20 06:21:48 DEBUG key -> redis.pass, value -> e5968b5bd4f916e4 
2026-06-20 06:21:48 DEBUG key -> jmxPass, value -> g6UoONwr6joi1ApG 
2026-06-20 06:21:48 DEBUG key -> appId, value -> 100962 
2026-06-20 06:21:48 DEBUG key -> jks, value -> sanguo-lb1.linlongyx.com 
2026-06-20 06:21:48 DEBUG key -> so.keepalive, value -> true 
2026-06-20 06:21:48 DEBUG key -> http.port, value -> 19268 
2026-06-20 06:21:48 DEBUG key -> jdbc.driverClassName, value -> com.mysql.jdbc.Driver 
2026-06-20 06:21:48 DEBUG key -> cchId, value -> 392 
2026-06-20 06:21:48 DEBUG key -> workerThreadCount, value -> 14 
2026-06-20 06:21:48 DEBUG key -> bossThreadCount, value -> 1 
2026-06-20 06:21:48 DEBUG key -> redis.host, value -> 127.0.0.1 
2026-06-20 06:21:48 DEBUG key -> logserver.host, value -> 127.0.0.1 
2026-06-20 06:21:48 DEBUG key -> openTime, value -> 2017-09-02 00:00:00 
2026-06-20 06:21:48 DEBUG key -> logserver.dataPath, value -> ./log 
2026-06-20 06:21:48 DEBUG key -> wordLocation, value -> cn 
2026-06-20 06:21:48 DEBUG key -> ws.port, value -> 19101 
2026-06-20 06:21:48 DEBUG key -> jdbc.password, value -> X7kR9mP2qN5wL8jZ 
2026-06-20 06:21:48 DEBUG key -> logicRmi.cmport, value -> 17004 
2026-06-20 06:21:48 DEBUG key -> path, value -> webgame/platform/ 
2026-06-20 06:21:48 DEBUG key -> rmi.url, value -> rmi://127.0.0.1:19850/crossRankRMI 
2026-06-20 06:21:48 DEBUG key -> tag, value -> 24b0d14d02f7970e270d2b70dfab4ea62fc2390a 
2026-06-20 06:21:48 DEBUG key -> logicRmi.host, value -> 127.0.0.1 
2026-06-20 06:21:48 DEBUG key -> jmxName, value -> llyx-sanguo 
2026-06-20 06:21:48 DEBUG key -> crossUrl, value -> wss://sanguo-lb1.linlongyx.com:5003/ws 
2026-06-20 06:21:48 DEBUG key -> redis.maxWait, value -> 10000 
2026-06-20 06:21:48 DEBUG key -> version, value -> 1.1000 
2026-06-20 06:21:48 DEBUG key -> httpSwitch, value -> false 
2026-06-20 06:21:48 DEBUG key -> ws, value -> true 
2026-06-20 06:21:48 DEBUG key -> logicRmi.serviceName, value -> crossRankLogicRMI 
2026-06-20 06:21:48 DEBUG key -> redis.maxIdle, value -> 300 
2026-06-20 06:21:50 INFO  {dataSource-1} inited
2026-06-20 06:21:50 INFO  Loaded JDBC driver: com.mysql.jdbc.Driver
2026-06-20 06:21:53 ERROR LogicRmiManager::publish rmi service url: {} rmi://127.0.0.1:17003/crossRankLogicRMI 
2026-06-20 06:22:03 ERROR ContinuityParameter {1={"actId":1,"startTime":1504818000,"endTime":1504904400,"closeTime":0}, 2={"actId":2,"startTime":1504558800,"endTime":1505163600,"closeTime":0}, 3={"actId":3,"startTime":1551733200,"endTime":1552337999,"closeTime":0}} 
2026-06-20 06:22:04 DEBUG {conn-10004, pstmt-20016} enter cache
2026-06-20 06:22:04 DEBUG {conn-10004, pstmt-20017} enter cache
2026-06-20 06:22:04 ERROR update group Pre:update tb_group set id=10000000000 + id where id != 0 and id<=10000000000; 
2026-06-20 06:22:04 ERROR update groupMember Pre:update tb_groupMember set id=10000000000 + id where id != 0 and id<=10000000000; 
2026-06-20 06:22:04 ERROR ArenaRankError 10001000158 10001000093 3001 
2026-06-20 06:22:04 ERROR ArenaRankError 10001000093 10001000350 3001 
2026-06-20 06:22:04 ERROR ArenaRankError 10001000350 10001000027 3001 
2026-06-20 06:22:04 ERROR ArenaRankError 10001000027 10001000060 3001 
2026-06-20 06:22:04 ERROR ArenaRankError 10001000060 10001000242 3001 
2026-06-20 06:22:04 ERROR ArenaRankError 10001000242 10001000281 3001 
2026-06-20 06:22:04 ERROR ArenaRankError 10001000281 10001000292 3001 
2026-06-20 06:22:04 DEBUG server open days: 3214, rankAct id: 8, state: Expire 
2026-06-20 06:22:04 DEBUG server open days: 3214, rankAct id: 9, state: Expire 
2026-06-20 06:22:04 DEBUG server open days: 3214, rankAct id: 10, state: Expire 
2026-06-20 06:22:04 DEBUG server open days: 3214, rankAct id: 11, state: Expire 
2026-06-20 06:22:04 DEBUG server open days: 3214, rankAct id: 12, state: Expire 
2026-06-20 06:22:04 DEBUG server open days: 3214, rankAct id: 13, state: Expire 
2026-06-20 06:22:04 DEBUG server open days: 3214, rankAct id: 14, state: Expire 
2026-06-20 06:22:06 WARN  Unknown channel option 'SO_KEEPALIVE' for channel '[id: 0xf40501cd]'
2026-06-20 06:22:06 WARN  Unknown channel option 'SO_KEEPALIVE' for channel '[id: 0xc11ff15b]'
2026-06-20 06:22:06 INFO  Using default implementation for ThreadExecutor
2026-06-20 06:22:06 INFO  Initialized Scheduler Signaller of type: class org.quartz.core.SchedulerSignalerImpl
2026-06-20 06:22:06 INFO  Quartz Scheduler v.1.8.6 created.
2026-06-20 06:22:06 INFO  Registering Quartz Job Initialization Plug-in.
2026-06-20 06:22:06 INFO  RAMJobStore initialized.
2026-06-20 06:22:06 INFO  Scheduler meta-data: Quartz Scheduler (v1.8.6) 'AUTO' with instanceId 'NON_CLUSTERED'
  Scheduler class: 'org.quartz.core.QuartzScheduler' - running locally.
  NOT STARTED.
  Currently in standby mode.
  Number of jobs executed: 0
  Using thread pool 'org.quartz.simpl.SimpleThreadPool' - with 5 threads.
  Using job-store 'org.quartz.simpl.RAMJobStore' - which does not support persistence. and is not clustered.

2026-06-20 06:22:06 INFO  Quartz scheduler 'AUTO' initialized from default resource file in Quartz package: 'quartz.properties'
2026-06-20 06:22:06 INFO  Quartz scheduler version: 1.8.6
2026-06-20 06:22:06 DEBUG Utilizing schema packaged in local quartz distribution jar.
2026-06-20 06:22:06 INFO  Parsing XML file: quartz_jobs.xml with systemId: quartz_jobs.xml
2026-06-20 06:22:06 DEBUG Found 0 delete job group commands.
2026-06-20 06:22:06 DEBUG Found 0 delete trigger group commands.
2026-06-20 06:22:06 DEBUG Found 0 delete job commands.
2026-06-20 06:22:06 DEBUG Found 0 delete trigger commands.
2026-06-20 06:22:06 DEBUG Directive 'overwrite-existing-data' not specified, defaulting to true
2026-06-20 06:22:06 DEBUG Directive 'ignore-duplicates' not specified, defaulting to false
2026-06-20 06:22:06 DEBUG Found 1 job definitions.
2026-06-20 06:22:06 DEBUG Parsed job definition: JobDetail 'AUTO.JOBS':  jobClass: 'com.linlongyx.sanguo.webgame.quartz.QuartzJob isStateful: false isVolatile: false isDurable: false requestsRecovers: false
2026-06-20 06:22:06 DEBUG Found 11 trigger definitions.
2026-06-20 06:22:06 DEBUG Parsed trigger definition: Trigger 'DEFAULT.10000':  triggerClass: 'org.quartz.CronTrigger isVolatile: false calendar: 'null' misfireInstruction: 0 nextFireTime: null
2026-06-20 06:22:06 DEBUG Parsed trigger definition: Trigger 'DEFAULT.10001':  triggerClass: 'org.quartz.CronTrigger isVolatile: false calendar: 'null' misfireInstruction: 0 nextFireTime: null
2026-06-20 06:22:06 DEBUG Parsed trigger definition: Trigger 'DEFAULT.10002':  triggerClass: 'org.quartz.CronTrigger isVolatile: false calendar: 'null' misfireInstruction: 0 nextFireTime: null
2026-06-20 06:22:06 DEBUG Parsed trigger definition: Trigger 'DEFAULT.10010':  triggerClass: 'org.quartz.CronTrigger isVolatile: false calendar: 'null' misfireInstruction: 0 nextFireTime: null
2026-06-20 06:22:06 DEBUG Parsed trigger definition: Trigger 'DEFAULT.10011':  triggerClass: 'org.quartz.CronTrigger isVolatile: false calendar: 'null' misfireInstruction: 0 nextFireTime: null
2026-06-20 06:22:06 DEBUG Parsed trigger definition: Trigger 'DEFAULT.10012':  triggerClass: 'org.quartz.CronTrigger isVolatile: false calendar: 'null' misfireInstruction: 0 nextFireTime: null
2026-06-20 06:22:06 DEBUG Parsed trigger definition: Trigger 'DEFAULT.20001':  triggerClass: 'org.quartz.CronTrigger isVolatile: false calendar: 'null' misfireInstruction: 0 nextFireTime: null
2026-06-20 06:22:06 DEBUG Parsed trigger definition: Trigger 'DEFAULT.20003':  triggerClass: 'org.quartz.CronTrigger isVolatile: false calendar: 'null' misfireInstruction: 0 nextFireTime: null
2026-06-20 06:22:06 DEBUG Parsed trigger definition: Trigger 'DEFAULT.20004':  triggerClass: 'org.quartz.CronTrigger isVolatile: false calendar: 'null' misfireInstruction: 0 nextFireTime: null
2026-06-20 06:22:06 DEBUG Parsed trigger definition: Trigger 'DEFAULT.20005':  triggerClass: 'org.quartz.CronTrigger isVolatile: false calendar: 'null' misfireInstruction: 0 nextFireTime: null
2026-06-20 06:22:06 DEBUG Parsed trigger definition: Trigger 'DEFAULT.20006':  triggerClass: 'org.quartz.CronTrigger isVolatile: false calendar: 'null' misfireInstruction: 0 nextFireTime: null
2026-06-20 06:22:06 INFO  Adding 1 jobs, 11 triggers.
2026-06-20 06:22:06 INFO  Adding job: AUTO.JOBS
2026-06-20 06:22:06 DEBUG Scheduling job: AUTO.JOBS with trigger: DEFAULT.10000
2026-06-20 06:22:06 DEBUG Scheduling job: AUTO.JOBS with trigger: DEFAULT.10001
2026-06-20 06:22:06 DEBUG Scheduling job: AUTO.JOBS with trigger: DEFAULT.10002
2026-06-20 06:22:06 DEBUG Scheduling job: AUTO.JOBS with trigger: DEFAULT.10010
2026-06-20 06:22:06 DEBUG Scheduling job: AUTO.JOBS with trigger: DEFAULT.10011
2026-06-20 06:22:06 DEBUG Scheduling job: AUTO.JOBS with trigger: DEFAULT.10012
2026-06-20 06:22:06 DEBUG Scheduling job: AUTO.JOBS with trigger: DEFAULT.20001
2026-06-20 06:22:06 DEBUG Scheduling job: AUTO.JOBS with trigger: DEFAULT.20003
2026-06-20 06:22:06 DEBUG Scheduling job: AUTO.JOBS with trigger: DEFAULT.20004
2026-06-20 06:22:06 DEBUG Scheduling job: AUTO.JOBS with trigger: DEFAULT.20005
2026-06-20 06:22:06 DEBUG Scheduling job: AUTO.JOBS with trigger: DEFAULT.20006
2026-06-20 06:22:06 INFO  Scheduler AUTO_$_NON_CLUSTERED started.
2026-06-20 06:22:06 DEBUG Reading descriptors ( dom ) 31
2026-06-20 06:22:06 DEBUG Using existing MBeanServer 0
2026-06-20 06:22:06 DEBUG default constructor
2026-06-20 06:22:06 DEBUG preRegister com.linlongyx.sanguo.webgame.service.LookUpService@1c807b1d onlineNum:Click=ShowDetail
2026-06-20 06:22:06 DEBUG default constructor
2026-06-20 06:22:06 DEBUG preRegister com.linlongyx.sanguo.webgame.service.JsonTableService@238b521e reload:Click=reloadJson
2026-06-20 06:22:06 DEBUG default constructor
2026-06-20 06:22:06 DEBUG preRegister com.linlongyx.core.utils.ChatUtil@1b39fd82 reload:Click=reloadSensitive
2026-06-20 06:22:06 ERROR Started version:  110000 
2026-06-20 06:22:07 DEBUG Checking for available updated version of Quartz...
2026-06-20 06:22:07 INFO  初始化 消息处理器成功
2026-06-20 06:22:07 DEBUG Quartz version update check failed: Server returned HTTP response code: 403 for URL: http://www.terracotta.org/kit/reflector?kitID=quartz&pageID=update.properties&id=-1062731413&os-name=Windows+10&jvm-name=Java+HotSpot%28TM%29+64-Bit+Server+VM&jvm-version=1.8.0_181&platform=amd64&tc-version=1.8.6&tc-product=Quartz&source=Quartz&uptime-secs=1&patch=UNKNOWN
2026-06-20 06:22:30 DEBUG Producing instance of Job 'AUTO.JOBS', class=com.linlongyx.sanguo.webgame.quartz.QuartzJob
2026-06-20 06:22:30 DEBUG Calling execute on job AUTO.JOBS
2026-06-20 06:22:30 INFO  触发cmd：20005
2026-06-20 06:23:00 DEBUG Producing instance of Job 'AUTO.JOBS', class=com.linlongyx.sanguo.webgame.quartz.QuartzJob
2026-06-20 06:23:00 DEBUG Calling execute on job AUTO.JOBS
2026-06-20 06:23:00 INFO  触发cmd：20005
2026-06-20 06:23:30 DEBUG Producing instance of Job 'AUTO.JOBS', class=com.linlongyx.sanguo.webgame.quartz.QuartzJob
2026-06-20 06:23:30 DEBUG Calling execute on job AUTO.JOBS
2026-06-20 06:23:30 INFO  触发cmd：20005
2026-06-20 06:23:44 ERROR rankBossTimeOut 1001 
2026-06-20 06:24:00 DEBUG Producing instance of Job 'AUTO.JOBS', class=com.linlongyx.sanguo.webgame.quartz.QuartzJob
2026-06-20 06:24:00 DEBUG Calling execute on job AUTO.JOBS
2026-06-20 06:24:00 INFO  触发cmd：20005
2026-06-20 06:24:30 DEBUG Producing instance of Job 'AUTO.JOBS', class=com.linlongyx.sanguo.webgame.quartz.QuartzJob
2026-06-20 06:24:30 DEBUG Calling execute on job AUTO.JOBS
2026-06-20 06:24:30 INFO  触发cmd：20005
2026-06-20 06:24:44 ERROR rankBossReBorn 1001 
2026-06-20 06:25:00 DEBUG Producing instance of Job 'AUTO.JOBS', class=com.linlongyx.sanguo.webgame.quartz.QuartzJob
2026-06-20 06:25:00 DEBUG Calling execute on job AUTO.JOBS
2026-06-20 06:25:00 DEBUG Producing instance of Job 'AUTO.JOBS', class=com.linlongyx.sanguo.webgame.quartz.QuartzJob
2026-06-20 06:25:00 DEBUG Calling execute on job AUTO.JOBS
2026-06-20 06:25:00 INFO  触发cmd：20003
2026-06-20 06:25:00 INFO  触发cmd：20005
2026-06-20 06:25:00 ERROR destiny rank refresh 
2026-06-20 06:25:24 ERROR rankBossTimeOut 1002 
2026-06-20 06:25:30 DEBUG Producing instance of Job 'AUTO.JOBS', class=com.linlongyx.sanguo.webgame.quartz.QuartzJob
2026-06-20 06:25:30 DEBUG Calling execute on job AUTO.JOBS
2026-06-20 06:25:30 INFO  触发cmd：20005
2026-06-20 06:26:00 DEBUG Producing instance of Job 'AUTO.JOBS', class=com.linlongyx.sanguo.webgame.quartz.QuartzJob
2026-06-20 06:26:00 DEBUG Calling execute on job AUTO.JOBS
2026-06-20 06:26:00 INFO  触发cmd：20005
2026-06-20 06:26:24 ERROR rankBossTimeOut 1001 
2026-06-20 06:26:30 DEBUG Producing instance of Job 'AUTO.JOBS', class=com.linlongyx.sanguo.webgame.quartz.QuartzJob
2026-06-20 06:26:30 DEBUG Calling execute on job AUTO.JOBS
2026-06-20 06:26:30 INFO  触发cmd：20005
2026-06-20 06:27:00 DEBUG Producing instance of Job 'AUTO.JOBS', class=com.linlongyx.sanguo.webgame.quartz.QuartzJob
2026-06-20 06:27:00 DEBUG Calling execute on job AUTO.JOBS
2026-06-20 06:27:00 INFO  触发cmd：20005
2026-06-20 06:27:04 ERROR rankBossTimeOut 1003 
2026-06-20 06:27:24 ERROR rankBossReBorn 1001 
2026-06-20 06:27:30 DEBUG Producing instance of Job 'AUTO.JOBS', class=com.linlongyx.sanguo.webgame.quartz.QuartzJob
2026-06-20 06:27:30 DEBUG Calling execute on job AUTO.JOBS
2026-06-20 06:27:30 INFO  触发cmd：20005
2026-06-20 06:27:54 ERROR rankBossReBorn 1002 
2026-06-20 06:28:00 DEBUG Producing instance of Job 'AUTO.JOBS', class=com.linlongyx.sanguo.webgame.quartz.QuartzJob
2026-06-20 06:28:00 DEBUG Calling execute on job AUTO.JOBS
2026-06-20 06:28:00 INFO  触发cmd：20005
2026-06-20 06:28:30 DEBUG Producing instance of Job 'AUTO.JOBS', class=com.linlongyx.sanguo.webgame.quartz.QuartzJob
2026-06-20 06:28:30 DEBUG Calling execute on job AUTO.JOBS
2026-06-20 06:28:30 INFO  触发cmd：20005
2026-06-20 06:29:00 DEBUG Producing instance of Job 'AUTO.JOBS', class=com.linlongyx.sanguo.webgame.quartz.QuartzJob
2026-06-20 06:29:00 DEBUG Calling execute on job AUTO.JOBS
2026-06-20 06:29:00 INFO  触发cmd：20005
2026-06-20 06:29:04 ERROR rankBossTimeOut 1001 
2026-06-20 06:29:30 DEBUG Producing instance of Job 'AUTO.JOBS', class=com.linlongyx.sanguo.webgame.quartz.QuartzJob
2026-06-20 06:29:30 DEBUG Calling execute on job AUTO.JOBS
2026-06-20 06:29:30 INFO  触发cmd：20005
2026-06-20 06:30:00 DEBUG Producing instance of Job 'AUTO.JOBS', class=com.linlongyx.sanguo.webgame.quartz.QuartzJob
2026-06-20 06:30:00 DEBUG Calling execute on job AUTO.JOBS
2026-06-20 06:30:00 DEBUG Producing instance of Job 'AUTO.JOBS', class=com.linlongyx.sanguo.webgame.quartz.QuartzJob
2026-06-20 06:30:00 INFO  触发cmd：20001
2026-06-20 06:30:00 DEBUG Producing instance of Job 'AUTO.JOBS', class=com.linlongyx.sanguo.webgame.quartz.QuartzJob
2026-06-20 06:30:00 DEBUG Calling execute on job AUTO.JOBS
2026-06-20 06:30:00 DEBUG Calling execute on job AUTO.JOBS
2026-06-20 06:30:00 ERROR destiny rank refresh 
2026-06-20 06:30:00 INFO  触发cmd：20003
2026-06-20 06:30:00 INFO  触发cmd：20005
2026-06-20 06:30:04 ERROR rankBossReBorn 1001 
2026-06-20 06:30:24 ERROR rankBossReBorn 1003 
2026-06-20 06:30:24 ERROR rankBossTimeOut 1004 
2026-06-20 06:30:30 DEBUG Producing instance of Job 'AUTO.JOBS', class=com.linlongyx.sanguo.webgame.quartz.QuartzJob
2026-06-20 06:30:30 DEBUG Calling execute on job AUTO.JOBS
2026-06-20 06:30:30 INFO  触发cmd：20005
2026-06-20 06:31:00 DEBUG Producing instance of Job 'AUTO.JOBS', class=com.linlongyx.sanguo.webgame.quartz.QuartzJob
2026-06-20 06:31:00 DEBUG Calling execute on job AUTO.JOBS
2026-06-20 06:31:00 INFO  触发cmd：20005
2026-06-20 06:31:14 ERROR rankBossTimeOut 1002 
2026-06-20 06:31:30 DEBUG Producing instance of Job 'AUTO.JOBS', class=com.linlongyx.sanguo.webgame.quartz.QuartzJob
2026-06-20 06:31:30 DEBUG Calling execute on job AUTO.JOBS
2026-06-20 06:31:30 INFO  触发cmd：20005
2026-06-20 06:31:44 ERROR rankBossTimeOut 1001 
2026-06-20 06:31:44 ERROR rankBossTimeOut 1001 
2026-06-20 06:32:00 DEBUG Producing instance of Job 'AUTO.JOBS', class=com.linlongyx.sanguo.webgame.quartz.QuartzJob
2026-06-20 06:32:00 DEBUG Calling execute on job AUTO.JOBS
2026-06-20 06:32:00 INFO  触发cmd：20005
2026-06-20 06:32:30 DEBUG Producing instance of Job 'AUTO.JOBS', class=com.linlongyx.sanguo.webgame.quartz.QuartzJob
2026-06-20 06:32:30 DEBUG Calling execute on job AUTO.JOBS
2026-06-20 06:32:30 INFO  触发cmd：20005
2026-06-20 06:32:44 ERROR rankBossReBorn 1001 
2026-06-20 06:33:00 DEBUG Producing instance of Job 'AUTO.JOBS', class=com.linlongyx.sanguo.webgame.quartz.QuartzJob
2026-06-20 06:33:00 DEBUG Calling execute on job AUTO.JOBS
2026-06-20 06:33:00 INFO  触发cmd：20005
2026-06-20 06:33:30 DEBUG Producing instance of Job 'AUTO.JOBS', class=com.linlongyx.sanguo.webgame.quartz.QuartzJob
2026-06-20 06:33:30 DEBUG Calling execute on job AUTO.JOBS
2026-06-20 06:33:30 INFO  触发cmd：20005
2026-06-20 06:33:44 ERROR rankBossReBorn 1002 
2026-06-20 06:33:44 ERROR rankBossTimeOut 1005 
2026-06-20 06:34:00 DEBUG Producing instance of Job 'AUTO.JOBS', class=com.linlongyx.sanguo.webgame.quartz.QuartzJob
2026-06-20 06:34:00 DEBUG Calling execute on job AUTO.JOBS
2026-06-20 06:34:00 INFO  触发cmd：20005
2026-06-20 06:34:24 ERROR rankBossTimeOut 1001 
2026-06-20 06:34:30 DEBUG Producing instance of Job 'AUTO.JOBS', class=com.linlongyx.sanguo.webgame.quartz.QuartzJob
2026-06-20 06:34:30 DEBUG Calling execute on job AUTO.JOBS
2026-06-20 06:34:30 INFO  触发cmd：20005
2026-06-20 06:35:00 DEBUG Producing instance of Job 'AUTO.JOBS', class=com.linlongyx.sanguo.webgame.quartz.QuartzJob
2026-06-20 06:35:00 DEBUG Calling execute on job AUTO.JOBS
2026-06-20 06:35:00 DEBUG Producing instance of Job 'AUTO.JOBS', class=com.linlongyx.sanguo.webgame.quartz.QuartzJob
2026-06-20 06:35:00 DEBUG Calling execute on job AUTO.JOBS
2026-06-20 06:35:00 ERROR destiny rank refresh 
2026-06-20 06:35:00 INFO  触发cmd：20003
2026-06-20 06:35:00 INFO  触发cmd：20005
2026-06-20 06:35:24 ERROR rankBossReBorn 1001 
2026-06-20 06:35:24 ERROR rankBossTimeOut 1003 
2026-06-20 06:35:24 ERROR rankBossReBorn 1004 
2026-06-20 06:35:24 ERROR rankBossTimeOut 1006 
2026-06-20 06:35:30 DEBUG Producing instance of Job 'AUTO.JOBS', class=com.linlongyx.sanguo.webgame.quartz.QuartzJob
2026-06-20 06:35:30 DEBUG Calling execute on job AUTO.JOBS
2026-06-20 06:35:30 INFO  触发cmd：20005
2026-06-20 06:36:00 DEBUG Producing instance of Job 'AUTO.JOBS', class=com.linlongyx.sanguo.webgame.quartz.QuartzJob
2026-06-20 06:36:00 DEBUG Calling execute on job AUTO.JOBS
2026-06-20 06:36:00 INFO  触发cmd：20005
2026-06-20 06:36:30 DEBUG Producing instance of Job 'AUTO.JOBS', class=com.linlongyx.sanguo.webgame.quartz.QuartzJob
2026-06-20 06:36:30 DEBUG Calling execute on job AUTO.JOBS
2026-06-20 06:36:30 INFO  触发cmd：20005
2026-06-20 06:37:00 DEBUG Producing instance of Job 'AUTO.JOBS', class=com.linlongyx.sanguo.webgame.quartz.QuartzJob
2026-06-20 06:37:00 DEBUG Calling execute on job AUTO.JOBS
2026-06-20 06:37:00 INFO  触发cmd：20005
2026-06-20 06:37:04 ERROR rankBossTimeOut 1001 
2026-06-20 06:37:04 ERROR rankBossTimeOut 1002 
2026-06-20 06:37:04 ERROR rankBossTimeOut 1007 
2026-06-20 06:37:30 DEBUG Producing instance of Job 'AUTO.JOBS', class=com.linlongyx.sanguo.webgame.quartz.QuartzJob
2026-06-20 06:37:30 DEBUG Calling execute on job AUTO.JOBS
2026-06-20 06:37:30 INFO  触发cmd：20005
2026-06-20 06:38:00 DEBUG Producing instance of Job 'AUTO.JOBS', class=com.linlongyx.sanguo.webgame.quartz.QuartzJob
2026-06-20 06:38:00 DEBUG Calling execute on job AUTO.JOBS
2026-06-20 06:38:00 INFO  触发cmd：20005
2026-06-20 06:38:04 ERROR rankBossReBorn 1001 
2026-06-20 06:38:30 DEBUG Producing instance of Job 'AUTO.JOBS', class=com.linlongyx.sanguo.webgame.quartz.QuartzJob
2026-06-20 06:38:30 DEBUG Calling execute on job AUTO.JOBS
2026-06-20 06:38:30 INFO  触发cmd：20005
2026-06-20 06:38:44 ERROR rankBossReBorn 1003 
2026-06-20 06:38:44 ERROR rankBossTimeOut 1008 
2026-06-20 06:39:00 DEBUG Producing instance of Job 'AUTO.JOBS', class=com.linlongyx.sanguo.webgame.quartz.QuartzJob
2026-06-20 06:39:00 DEBUG Calling execute on job AUTO.JOBS
2026-06-20 06:39:00 INFO  触发cmd：20005
2026-06-20 06:39:30 DEBUG Producing instance of Job 'AUTO.JOBS', class=com.linlongyx.sanguo.webgame.quartz.QuartzJob
2026-06-20 06:39:30 DEBUG Calling execute on job AUTO.JOBS
2026-06-20 06:39:30 INFO  触发cmd：20005
2026-06-20 06:39:34 ERROR rankBossReBorn 1002 
2026-06-20 06:39:34 ERROR rankBossReBorn 1005 
2026-06-20 06:39:44 ERROR rankBossTimeOut 1001 
2026-06-20 06:40:00 DEBUG Producing instance of Job 'AUTO.JOBS', class=com.linlongyx.sanguo.webgame.quartz.QuartzJob
2026-06-20 06:40:00 DEBUG Calling execute on job AUTO.JOBS
2026-06-20 06:40:00 DEBUG Producing instance of Job 'AUTO.JOBS', class=com.linlongyx.sanguo.webgame.quartz.QuartzJob
2026-06-20 06:40:00 DEBUG Calling execute on job AUTO.JOBS
2026-06-20 06:40:00 ERROR destiny rank refresh 
2026-06-20 06:40:00 INFO  触发cmd：20005
2026-06-20 06:40:00 INFO  触发cmd：20003
2026-06-20 06:40:24 ERROR rankBossTimeOut 1009 
2026-06-20 06:40:30 DEBUG Producing instance of Job 'AUTO.JOBS', class=com.linlongyx.sanguo.webgame.quartz.QuartzJob
2026-06-20 06:40:30 DEBUG Calling execute on job AUTO.JOBS
2026-06-20 06:40:30 INFO  触发cmd：20005
2026-06-20 06:40:44 ERROR rankBossReBorn 1001 
2026-06-20 06:41:00 DEBUG Producing instance of Job 'AUTO.JOBS', class=com.linlongyx.sanguo.webgame.quartz.QuartzJob
2026-06-20 06:41:00 DEBUG Calling execute on job AUTO.JOBS
2026-06-20 06:41:00 INFO  触发cmd：20005
2026-06-20 06:41:30 DEBUG Producing instance of Job 'AUTO.JOBS', class=com.linlongyx.sanguo.webgame.quartz.QuartzJob
2026-06-20 06:41:30 DEBUG Calling execute on job AUTO.JOBS
2026-06-20 06:41:30 INFO  触发cmd：20005
2026-06-20 06:42:00 DEBUG Producing instance of Job 'AUTO.JOBS', class=com.linlongyx.sanguo.webgame.quartz.QuartzJob
2026-06-20 06:42:00 DEBUG Calling execute on job AUTO.JOBS
2026-06-20 06:42:00 INFO  触发cmd：20005
2026-06-20 06:42:04 ERROR rankBossReBorn 1006 
2026-06-20 06:42:04 ERROR rankBossTimeOut 1010 
2026-06-20 06:42:24 ERROR rankBossTimeOut 1001 
2026-06-20 06:42:30 DEBUG Producing instance of Job 'AUTO.JOBS', class=com.linlongyx.sanguo.webgame.quartz.QuartzJob
2026-06-20 06:42:30 DEBUG Calling execute on job AUTO.JOBS
2026-06-20 06:42:30 INFO  触发cmd：20005
2026-06-20 06:42:54 ERROR rankBossTimeOut 1002 
2026-06-20 06:43:00 DEBUG Producing instance of Job 'AUTO.JOBS', class=com.linlongyx.sanguo.webgame.quartz.QuartzJob
2026-06-20 06:43:00 DEBUG Calling execute on job AUTO.JOBS
2026-06-20 06:43:00 INFO  触发cmd：20005
2026-06-20 06:43:24 ERROR rankBossReBorn 1001 
2026-06-20 06:43:30 DEBUG Producing instance of Job 'AUTO.JOBS', class=com.linlongyx.sanguo.webgame.quartz.QuartzJob
2026-06-20 06:43:30 DEBUG Calling execute on job AUTO.JOBS
2026-06-20 06:43:30 INFO  触发cmd：20005
2026-06-20 06:43:44 ERROR rankBossTimeOut 1003 
2026-06-20 06:43:44 ERROR rankBossTimeOut 1003 
2026-06-20 06:43:44 ERROR rankBossTimeOut 1004 
2026-06-20 06:43:44 ERROR rankBossTimeOut 1004 
2026-06-20 06:43:44 ERROR rankBossTimeOut 1011 
2026-06-20 06:43:44 ERROR rankBossTimeOut 1011 
2026-06-20 06:44:00 DEBUG Producing instance of Job 'AUTO.JOBS', class=com.linlongyx.sanguo.webgame.quartz.QuartzJob
2026-06-20 06:44:00 DEBUG Calling execute on job AUTO.JOBS
2026-06-20 06:44:00 INFO  触发cmd：20005
2026-06-20 06:44:30 DEBUG Producing instance of Job 'AUTO.JOBS', class=com.linlongyx.sanguo.webgame.quartz.QuartzJob
2026-06-20 06:44:30 DEBUG Calling execute on job AUTO.JOBS
2026-06-20 06:44:30 INFO  触发cmd：20005
2026-06-20 06:44:34 ERROR rankBossReBorn 1007 
2026-06-20 06:45:00 DEBUG Producing instance of Job 'AUTO.JOBS', class=com.linlongyx.sanguo.webgame.quartz.QuartzJob
2026-06-20 06:45:00 DEBUG Calling execute on job AUTO.JOBS
2026-06-20 06:45:00 DEBUG Producing instance of Job 'AUTO.JOBS', class=com.linlongyx.sanguo.webgame.quartz.QuartzJob
2026-06-20 06:45:00 DEBUG Calling execute on job AUTO.JOBS
2026-06-20 06:45:00 INFO  触发cmd：20003
2026-06-20 06:45:00 INFO  触发cmd：20005
2026-06-20 06:45:00 ERROR destiny rank refresh 
2026-06-20 06:45:04 ERROR rankBossTimeOut 1001 
2026-06-20 06:45:24 ERROR rankBossReBorn 1002 
2026-06-20 06:45:24 ERROR rankBossTimeOut 1012 
2026-06-20 06:45:30 DEBUG Producing instance of Job 'AUTO.JOBS', class=com.linlongyx.sanguo.webgame.quartz.QuartzJob
2026-06-20 06:45:30 DEBUG Calling execute on job AUTO.JOBS
2026-06-20 06:45:30 INFO  触发cmd：20005
2026-06-20 06:46:00 DEBUG Producing instance of Job 'AUTO.JOBS', class=com.linlongyx.sanguo.webgame.quartz.QuartzJob
2026-06-20 06:46:00 DEBUG Calling execute on job AUTO.JOBS
2026-06-20 06:46:00 INFO  触发cmd：20005
2026-06-20 06:46:04 ERROR rankBossReBorn 1001 
2026-06-20 06:46:16 INFO  Refreshing org.springframework.context.annotation.AnnotationConfigApplicationContext@61064425: startup date [Sat Jun 20 06:46:16 EET 2026]; root of context hierarchy
2026-06-20 06:46:16 INFO  Loading XML bean definitions from class path resource [webgame/beans/server-beans.xml]
2026-06-20 06:46:17 INFO  Loading XML bean definitions from class path resource [webgame/beans/mysql-beans.xml]
2026-06-20 06:46:17 INFO  Loading XML bean definitions from class path resource [webgame/beans/service-beans.xml]
2026-06-20 06:46:17 INFO  Loading XML bean definitions from class path resource [webgame/beans/mysql-beans.xml]
2026-06-20 06:46:17 INFO  Loading XML bean definitions from class path resource [webgame/beans/data-beans.xml]
2026-06-20 06:46:17 INFO  Loading properties file from class path resource [webgame/props/webgame.properties]
2026-06-20 06:46:17 INFO  Loading properties file from class path resource [webgame/props/mysql.properties]
2026-06-20 06:46:17 INFO  Loading properties file from class path resource [webgame/props/redis.properties]
2026-06-20 06:46:17 INFO  Loading properties file from class path resource [version.properties]
2026-06-20 06:46:17 DEBUG 加载配置文件 
2026-06-20 06:46:17 DEBUG key -> platform, value -> test 
2026-06-20 06:46:17 DEBUG key -> businessThreadCount, value -> 10 
2026-06-20 06:46:17 DEBUG key -> svn, value -> 32883 
2026-06-20 06:46:17 DEBUG key -> jdbc.url, value -> jdbc:mysql://127.0.0.1:3306/sanguo_game?useUnicode=true&characterEncoding=utf8 
2026-06-20 06:46:17 DEBUG key -> secretKey, value -> 5Jqxjo10Yl2ElQCwJm 
2026-06-20 06:46:17 DEBUG key -> so.backlog, value -> 128 
2026-06-20 06:46:17 DEBUG key -> url, value -> http://127.0.0.1:8080/ 
2026-06-20 06:46:17 DEBUG key -> redis.testOnBorrow, value -> true 
2026-06-20 06:46:17 DEBUG key -> serverId, value -> 10000 
2026-06-20 06:46:17 DEBUG key -> redis.maxTotal, value -> 600 
2026-06-20 06:46:17 DEBUG key -> serverName, value -> å°æ¸¸æ1æ 
2026-06-20 06:46:17 DEBUG key -> logserver.isOpen, value -> false 
2026-06-20 06:46:17 DEBUG key -> redis.port, value -> 6379 
2026-06-20 06:46:17 DEBUG key -> jmxPort, value -> 19301 
2026-06-20 06:46:17 DEBUG key -> redis.db, value -> 13 
2026-06-20 06:46:17 DEBUG key -> redis.timeout, value -> 5000 
2026-06-20 06:46:17 DEBUG key -> logserver.port, value -> 6000 
2026-06-20 06:46:17 DEBUG key -> jdbc.user, value -> root 
2026-06-20 06:46:17 DEBUG key -> keystorePass, value ->  
2026-06-20 06:46:17 DEBUG key -> characterEncoding, value -> UTF-8 
2026-06-20 06:46:17 DEBUG key -> logicRmi.port, value -> 17003 
2026-06-20 06:46:17 DEBUG key -> debug, value -> true 
2026-06-20 06:46:17 DEBUG key -> wss, value -> false 
2026-06-20 06:46:17 DEBUG key -> dataLocation, value -> cn 
2026-06-20 06:46:17 DEBUG key -> useUnicode, value -> true 
2026-06-20 06:46:17 DEBUG key -> redis.pass, value -> e5968b5bd4f916e4 
2026-06-20 06:46:17 DEBUG key -> jmxPass, value -> g6UoONwr6joi1ApG 
2026-06-20 06:46:17 DEBUG key -> appId, value -> 100962 
2026-06-20 06:46:17 DEBUG key -> jks, value -> sanguo-lb1.linlongyx.com 
2026-06-20 06:46:17 DEBUG key -> so.keepalive, value -> true 
2026-06-20 06:46:17 DEBUG key -> http.port, value -> 19268 
2026-06-20 06:46:17 DEBUG key -> jdbc.driverClassName, value -> com.mysql.jdbc.Driver 
2026-06-20 06:46:17 DEBUG key -> cchId, value -> 392 
2026-06-20 06:46:17 DEBUG key -> workerThreadCount, value -> 14 
2026-06-20 06:46:17 DEBUG key -> bossThreadCount, value -> 1 
2026-06-20 06:46:17 DEBUG key -> redis.host, value -> 127.0.0.1 
2026-06-20 06:46:17 DEBUG key -> logserver.host, value -> 127.0.0.1 
2026-06-20 06:46:17 DEBUG key -> openTime, value -> 2017-09-02 00:00:00 
2026-06-20 06:46:17 DEBUG key -> logserver.dataPath, value -> ./log 
2026-06-20 06:46:17 DEBUG key -> wordLocation, value -> cn 
2026-06-20 06:46:17 DEBUG key -> ws.port, value -> 19101 
2026-06-20 06:46:17 DEBUG key -> jdbc.password, value -> X7kR9mP2qN5wL8jZ 
2026-06-20 06:46:17 DEBUG key -> logicRmi.cmport, value -> 17004 
2026-06-20 06:46:17 DEBUG key -> path, value -> webgame/platform/ 
2026-06-20 06:46:17 DEBUG key -> rmi.url, value -> rmi://127.0.0.1:19850/crossRankRMI 
2026-06-20 06:46:17 DEBUG key -> tag, value -> 24b0d14d02f7970e270d2b70dfab4ea62fc2390a 
2026-06-20 06:46:17 DEBUG key -> logicRmi.host, value -> 127.0.0.1 
2026-06-20 06:46:17 DEBUG key -> jmxName, value -> llyx-sanguo 
2026-06-20 06:46:17 DEBUG key -> crossUrl, value -> wss://sanguo-lb1.linlongyx.com:5003/ws 
2026-06-20 06:46:17 DEBUG key -> redis.maxWait, value -> 10000 
2026-06-20 06:46:17 DEBUG key -> version, value -> 1.1000 
2026-06-20 06:46:18 DEBUG key -> httpSwitch, value -> false 
2026-06-20 06:46:18 DEBUG key -> ws, value -> true 
2026-06-20 06:46:18 DEBUG key -> logicRmi.serviceName, value -> crossRankLogicRMI 
2026-06-20 06:46:18 DEBUG key -> redis.maxIdle, value -> 300 
2026-06-20 06:46:19 INFO  {dataSource-1} inited
2026-06-20 06:46:19 INFO  Loaded JDBC driver: com.mysql.jdbc.Driver
2026-06-20 06:46:22 ERROR LogicRmiManager::publish rmi service url: {} rmi://127.0.0.1:17003/crossRankLogicRMI 
2026-06-20 06:46:36 ERROR ContinuityParameter {1={"actId":1,"startTime":1504818000,"endTime":1504904400,"closeTime":0}, 2={"actId":2,"startTime":1504558800,"endTime":1505163600,"closeTime":0}, 3={"actId":3,"startTime":1551733200,"endTime":1552337999,"closeTime":0}} 
2026-06-20 06:46:37 DEBUG {conn-10004, pstmt-20016} enter cache
2026-06-20 06:46:37 DEBUG {conn-10004, pstmt-20017} enter cache
2026-06-20 06:46:37 ERROR update group Pre:update tb_group set id=10000000000 + id where id != 0 and id<=10000000000; 
2026-06-20 06:46:37 ERROR update groupMember Pre:update tb_groupMember set id=10000000000 + id where id != 0 and id<=10000000000; 
2026-06-20 06:46:38 ERROR ArenaRankError 10001000180 10001000276 3001 
2026-06-20 06:46:38 ERROR ArenaRankError 10001000276 10001000321 3001 
2026-06-20 06:46:38 ERROR ArenaRankError 10001000321 10001000233 3001 
2026-06-20 06:46:38 ERROR ArenaRankError 10001000233 10001000292 3001 
2026-06-20 06:46:38 DEBUG server open days: 3214, rankAct id: 8, state: Expire 
2026-06-20 06:46:38 DEBUG server open days: 3214, rankAct id: 9, state: Expire 
2026-06-20 06:46:38 DEBUG server open days: 3214, rankAct id: 10, state: Expire 
2026-06-20 06:46:38 DEBUG server open days: 3214, rankAct id: 11, state: Expire 
2026-06-20 06:46:38 DEBUG server open days: 3214, rankAct id: 12, state: Expire 
2026-06-20 06:46:38 DEBUG server open days: 3214, rankAct id: 13, state: Expire 
2026-06-20 06:46:38 DEBUG server open days: 3214, rankAct id: 14, state: Expire 
2026-06-20 06:46:41 WARN  Unknown channel option 'SO_KEEPALIVE' for channel '[id: 0x5db427d1]'
2026-06-20 06:46:41 WARN  Unknown channel option 'SO_KEEPALIVE' for channel '[id: 0xbd416f5e]'
2026-06-20 06:46:41 INFO  Using default implementation for ThreadExecutor
2026-06-20 06:46:41 INFO  Initialized Scheduler Signaller of type: class org.quartz.core.SchedulerSignalerImpl
2026-06-20 06:46:41 INFO  Quartz Scheduler v.1.8.6 created.
2026-06-20 06:46:41 INFO  Registering Quartz Job Initialization Plug-in.
2026-06-20 06:46:41 INFO  RAMJobStore initialized.
2026-06-20 06:46:41 INFO  Scheduler meta-data: Quartz Scheduler (v1.8.6) 'AUTO' with instanceId 'NON_CLUSTERED'
  Scheduler class: 'org.quartz.core.QuartzScheduler' - running locally.
  NOT STARTED.
  Currently in standby mode.
  Number of jobs executed: 0
  Using thread pool 'org.quartz.simpl.SimpleThreadPool' - with 5 threads.
  Using job-store 'org.quartz.simpl.RAMJobStore' - which does not support persistence. and is not clustered.

2026-06-20 06:46:41 INFO  Quartz scheduler 'AUTO' initialized from default resource file in Quartz package: 'quartz.properties'
2026-06-20 06:46:41 INFO  Quartz scheduler version: 1.8.6
2026-06-20 06:46:41 DEBUG Utilizing schema packaged in local quartz distribution jar.
2026-06-20 06:46:41 INFO  Parsing XML file: quartz_jobs.xml with systemId: quartz_jobs.xml
2026-06-20 06:46:41 DEBUG Found 0 delete job group commands.
2026-06-20 06:46:41 DEBUG Found 0 delete trigger group commands.
2026-06-20 06:46:41 DEBUG Found 0 delete job commands.
2026-06-20 06:46:41 DEBUG Found 0 delete trigger commands.
2026-06-20 06:46:41 DEBUG Directive 'overwrite-existing-data' not specified, defaulting to true
2026-06-20 06:46:41 DEBUG Directive 'ignore-duplicates' not specified, defaulting to false
2026-06-20 06:46:41 DEBUG Found 1 job definitions.
2026-06-20 06:46:41 DEBUG Parsed job definition: JobDetail 'AUTO.JOBS':  jobClass: 'com.linlongyx.sanguo.webgame.quartz.QuartzJob isStateful: false isVolatile: false isDurable: false requestsRecovers: false
2026-06-20 06:46:41 DEBUG Found 11 trigger definitions.
2026-06-20 06:46:41 DEBUG Parsed trigger definition: Trigger 'DEFAULT.10000':  triggerClass: 'org.quartz.CronTrigger isVolatile: false calendar: 'null' misfireInstruction: 0 nextFireTime: null
2026-06-20 06:46:42 DEBUG Parsed trigger definition: Trigger 'DEFAULT.10001':  triggerClass: 'org.quartz.CronTrigger isVolatile: false calendar: 'null' misfireInstruction: 0 nextFireTime: null
2026-06-20 06:46:42 DEBUG Parsed trigger definition: Trigger 'DEFAULT.10002':  triggerClass: 'org.quartz.CronTrigger isVolatile: false calendar: 'null' misfireInstruction: 0 nextFireTime: null
2026-06-20 06:46:42 DEBUG Parsed trigger definition: Trigger 'DEFAULT.10010':  triggerClass: 'org.quartz.CronTrigger isVolatile: false calendar: 'null' misfireInstruction: 0 nextFireTime: null
2026-06-20 06:46:42 DEBUG Parsed trigger definition: Trigger 'DEFAULT.10011':  triggerClass: 'org.quartz.CronTrigger isVolatile: false calendar: 'null' misfireInstruction: 0 nextFireTime: null
2026-06-20 06:46:42 DEBUG Parsed trigger definition: Trigger 'DEFAULT.10012':  triggerClass: 'org.quartz.CronTrigger isVolatile: false calendar: 'null' misfireInstruction: 0 nextFireTime: null
2026-06-20 06:46:42 DEBUG Parsed trigger definition: Trigger 'DEFAULT.20001':  triggerClass: 'org.quartz.CronTrigger isVolatile: false calendar: 'null' misfireInstruction: 0 nextFireTime: null
2026-06-20 06:46:42 DEBUG Checking for available updated version of Quartz...
2026-06-20 06:46:42 DEBUG Parsed trigger definition: Trigger 'DEFAULT.20003':  triggerClass: 'org.quartz.CronTrigger isVolatile: false calendar: 'null' misfireInstruction: 0 nextFireTime: null
2026-06-20 06:46:42 DEBUG Parsed trigger definition: Trigger 'DEFAULT.20004':  triggerClass: 'org.quartz.CronTrigger isVolatile: false calendar: 'null' misfireInstruction: 0 nextFireTime: null
2026-06-20 06:46:42 DEBUG Parsed trigger definition: Trigger 'DEFAULT.20005':  triggerClass: 'org.quartz.CronTrigger isVolatile: false calendar: 'null' misfireInstruction: 0 nextFireTime: null
2026-06-20 06:46:42 DEBUG Parsed trigger definition: Trigger 'DEFAULT.20006':  triggerClass: 'org.quartz.CronTrigger isVolatile: false calendar: 'null' misfireInstruction: 0 nextFireTime: null
2026-06-20 06:46:42 INFO  Adding 1 jobs, 11 triggers.
2026-06-20 06:46:42 INFO  Adding job: AUTO.JOBS
2026-06-20 06:46:42 DEBUG Scheduling job: AUTO.JOBS with trigger: DEFAULT.10000
2026-06-20 06:46:42 DEBUG Scheduling job: AUTO.JOBS with trigger: DEFAULT.10001
2026-06-20 06:46:42 DEBUG Scheduling job: AUTO.JOBS with trigger: DEFAULT.10002
2026-06-20 06:46:42 DEBUG Scheduling job: AUTO.JOBS with trigger: DEFAULT.10010
2026-06-20 06:46:42 DEBUG Scheduling job: AUTO.JOBS with trigger: DEFAULT.10011
2026-06-20 06:46:42 DEBUG Scheduling job: AUTO.JOBS with trigger: DEFAULT.10012
2026-06-20 06:46:42 DEBUG Scheduling job: AUTO.JOBS with trigger: DEFAULT.20001
2026-06-20 06:46:42 DEBUG Scheduling job: AUTO.JOBS with trigger: DEFAULT.20003
2026-06-20 06:46:42 DEBUG Scheduling job: AUTO.JOBS with trigger: DEFAULT.20004
2026-06-20 06:46:42 DEBUG Quartz version update check failed: Server returned HTTP response code: 403 for URL: http://www.terracotta.org/kit/reflector?kitID=quartz&pageID=update.properties&id=-1062731413&os-name=Windows+10&jvm-name=Java+HotSpot%28TM%29+64-Bit+Server+VM&jvm-version=1.8.0_181&platform=amd64&tc-version=1.8.6&tc-product=Quartz&source=Quartz&uptime-secs=1&patch=UNKNOWN
2026-06-20 06:46:42 DEBUG Scheduling job: AUTO.JOBS with trigger: DEFAULT.20005
2026-06-20 06:46:42 DEBUG Scheduling job: AUTO.JOBS with trigger: DEFAULT.20006
2026-06-20 06:46:42 INFO  Scheduler AUTO_$_NON_CLUSTERED started.
2026-06-20 06:46:43 DEBUG Reading descriptors ( dom ) 183
2026-06-20 06:46:43 DEBUG Using existing MBeanServer 0
2026-06-20 06:46:43 DEBUG default constructor
2026-06-20 06:46:43 DEBUG preRegister com.linlongyx.sanguo.webgame.service.LookUpService@1c807b1d onlineNum:Click=ShowDetail
2026-06-20 06:46:43 DEBUG default constructor
2026-06-20 06:46:43 DEBUG preRegister com.linlongyx.sanguo.webgame.service.JsonTableService@238b521e reload:Click=reloadJson
2026-06-20 06:46:43 DEBUG default constructor
2026-06-20 06:46:43 DEBUG preRegister com.linlongyx.core.utils.ChatUtil@1b39fd82 reload:Click=reloadSensitive
2026-06-20 06:46:43 ERROR Started version:  110000 
2026-06-20 06:46:54 INFO  初始化 消息处理器成功
2026-06-20 06:47:00 DEBUG Producing instance of Job 'AUTO.JOBS', class=com.linlongyx.sanguo.webgame.quartz.QuartzJob
2026-06-20 06:47:00 DEBUG Calling execute on job AUTO.JOBS
2026-06-20 06:47:00 INFO  触发cmd：20005
2026-06-20 06:47:30 DEBUG Producing instance of Job 'AUTO.JOBS', class=com.linlongyx.sanguo.webgame.quartz.QuartzJob
2026-06-20 06:47:30 DEBUG Calling execute on job AUTO.JOBS
2026-06-20 06:47:30 INFO  触发cmd：20005
2026-06-20 06:48:00 DEBUG Producing instance of Job 'AUTO.JOBS', class=com.linlongyx.sanguo.webgame.quartz.QuartzJob
2026-06-20 06:48:00 DEBUG Calling execute on job AUTO.JOBS
2026-06-20 06:48:00 INFO  触发cmd：20005
2026-06-20 06:48:17 ERROR rankBossTimeOut 1001 
2026-06-20 06:48:30 DEBUG Producing instance of Job 'AUTO.JOBS', class=com.linlongyx.sanguo.webgame.quartz.QuartzJob
2026-06-20 06:48:30 DEBUG Calling execute on job AUTO.JOBS
2026-06-20 06:48:30 INFO  触发cmd：20005
2026-06-20 06:49:00 DEBUG Producing instance of Job 'AUTO.JOBS', class=com.linlongyx.sanguo.webgame.quartz.QuartzJob
2026-06-20 06:49:00 DEBUG Calling execute on job AUTO.JOBS
2026-06-20 06:49:00 INFO  触发cmd：20005
2026-06-20 06:49:17 ERROR rankBossReBorn 1001 
2026-06-20 06:49:30 DEBUG Producing instance of Job 'AUTO.JOBS', class=com.linlongyx.sanguo.webgame.quartz.QuartzJob
2026-06-20 06:49:30 DEBUG Calling execute on job AUTO.JOBS
2026-06-20 06:49:30 INFO  触发cmd：20005
2026-06-20 06:49:57 ERROR rankBossTimeOut 1002 
2026-06-20 06:50:00 DEBUG Producing instance of Job 'AUTO.JOBS', class=com.linlongyx.sanguo.webgame.quartz.QuartzJob
2026-06-20 06:50:00 DEBUG Calling execute on job AUTO.JOBS
2026-06-20 06:50:00 DEBUG Producing instance of Job 'AUTO.JOBS', class=com.linlongyx.sanguo.webgame.quartz.QuartzJob
2026-06-20 06:50:00 ERROR destiny rank refresh 
2026-06-20 06:50:00 DEBUG Calling execute on job AUTO.JOBS
2026-06-20 06:50:00 INFO  触发cmd：20003
2026-06-20 06:50:00 INFO  触发cmd：20005
2026-06-20 06:50:23 INFO  Refreshing org.springframework.context.annotation.AnnotationConfigApplicationContext@61064425: startup date [Sat Jun 20 06:50:23 EET 2026]; root of context hierarchy
2026-06-20 06:50:23 INFO  Loading XML bean definitions from class path resource [webgame/beans/server-beans.xml]
2026-06-20 06:50:23 INFO  Loading XML bean definitions from class path resource [webgame/beans/mysql-beans.xml]
2026-06-20 06:50:23 INFO  Loading XML bean definitions from class path resource [webgame/beans/service-beans.xml]
2026-06-20 06:50:23 INFO  Loading XML bean definitions from class path resource [webgame/beans/mysql-beans.xml]
2026-06-20 06:50:24 INFO  Loading XML bean definitions from class path resource [webgame/beans/data-beans.xml]
2026-06-20 06:50:24 INFO  Loading properties file from class path resource [webgame/props/webgame.properties]
2026-06-20 06:50:24 INFO  Loading properties file from class path resource [webgame/props/mysql.properties]
2026-06-20 06:50:24 INFO  Loading properties file from class path resource [webgame/props/redis.properties]
2026-06-20 06:50:24 INFO  Loading properties file from class path resource [version.properties]
2026-06-20 06:50:24 DEBUG 加载配置文件 
2026-06-20 06:50:24 DEBUG key -> platform, value -> test 
2026-06-20 06:50:24 DEBUG key -> businessThreadCount, value -> 10 
2026-06-20 06:50:24 DEBUG key -> svn, value -> 32883 
2026-06-20 06:50:24 DEBUG key -> jdbc.url, value -> jdbc:mysql://127.0.0.1:3306/sanguo_game?useUnicode=true&characterEncoding=utf8 
2026-06-20 06:50:24 DEBUG key -> secretKey, value -> 5Jqxjo10Yl2ElQCwJm 
2026-06-20 06:50:24 DEBUG key -> so.backlog, value -> 128 
2026-06-20 06:50:24 DEBUG key -> url, value -> http://127.0.0.1:8080/ 
2026-06-20 06:50:24 DEBUG key -> redis.testOnBorrow, value -> true 
2026-06-20 06:50:24 DEBUG key -> serverId, value -> 10000 
2026-06-20 06:50:24 DEBUG key -> redis.maxTotal, value -> 600 
2026-06-20 06:50:24 DEBUG key -> serverName, value -> å°æ¸¸æ1æ 
2026-06-20 06:50:24 DEBUG key -> logserver.isOpen, value -> false 
2026-06-20 06:50:24 DEBUG key -> redis.port, value -> 6379 
2026-06-20 06:50:24 DEBUG key -> jmxPort, value -> 19301 
2026-06-20 06:50:24 DEBUG key -> redis.db, value -> 13 
2026-06-20 06:50:24 DEBUG key -> redis.timeout, value -> 5000 
2026-06-20 06:50:24 DEBUG key -> logserver.port, value -> 6000 
2026-06-20 06:50:24 DEBUG key -> jdbc.user, value -> root 
2026-06-20 06:50:24 DEBUG key -> keystorePass, value ->  
2026-06-20 06:50:24 DEBUG key -> characterEncoding, value -> UTF-8 
2026-06-20 06:50:24 DEBUG key -> logicRmi.port, value -> 17003 
2026-06-20 06:50:24 DEBUG key -> debug, value -> true 
2026-06-20 06:50:24 DEBUG key -> wss, value -> false 
2026-06-20 06:50:24 DEBUG key -> dataLocation, value -> cn 
2026-06-20 06:50:24 DEBUG key -> useUnicode, value -> true 
2026-06-20 06:50:24 DEBUG key -> redis.pass, value -> e5968b5bd4f916e4 
2026-06-20 06:50:24 DEBUG key -> jmxPass, value -> g6UoONwr6joi1ApG 
2026-06-20 06:50:24 DEBUG key -> appId, value -> 100962 
2026-06-20 06:50:24 DEBUG key -> jks, value -> sanguo-lb1.linlongyx.com 
2026-06-20 06:50:24 DEBUG key -> so.keepalive, value -> true 
2026-06-20 06:50:24 DEBUG key -> http.port, value -> 19268 
2026-06-20 06:50:24 DEBUG key -> jdbc.driverClassName, value -> com.mysql.jdbc.Driver 
2026-06-20 06:50:24 DEBUG key -> cchId, value -> 392 
2026-06-20 06:50:24 DEBUG key -> workerThreadCount, value -> 14 
2026-06-20 06:50:24 DEBUG key -> bossThreadCount, value -> 1 
2026-06-20 06:50:24 DEBUG key -> redis.host, value -> 127.0.0.1 
2026-06-20 06:50:24 DEBUG key -> logserver.host, value -> 127.0.0.1 
2026-06-20 06:50:24 DEBUG key -> openTime, value -> 2017-09-02 00:00:00 
2026-06-20 06:50:24 DEBUG key -> logserver.dataPath, value -> ./log 
2026-06-20 06:50:24 DEBUG key -> wordLocation, value -> cn 
2026-06-20 06:50:24 DEBUG key -> ws.port, value -> 19101 
2026-06-20 06:50:24 DEBUG key -> jdbc.password, value -> X7kR9mP2qN5wL8jZ 
2026-06-20 06:50:24 DEBUG key -> logicRmi.cmport, value -> 17004 
2026-06-20 06:50:24 DEBUG key -> path, value -> webgame/platform/ 
2026-06-20 06:50:24 DEBUG key -> rmi.url, value -> rmi://127.0.0.1:19850/crossRankRMI 
2026-06-20 06:50:24 DEBUG key -> tag, value -> 24b0d14d02f7970e270d2b70dfab4ea62fc2390a 
2026-06-20 06:50:24 DEBUG key -> logicRmi.host, value -> 127.0.0.1 
2026-06-20 06:50:24 DEBUG key -> jmxName, value -> llyx-sanguo 
2026-06-20 06:50:24 DEBUG key -> crossUrl, value -> wss://sanguo-lb1.linlongyx.com:5003/ws 
2026-06-20 06:50:24 DEBUG key -> redis.maxWait, value -> 10000 
2026-06-20 06:50:24 DEBUG key -> version, value -> 1.1000 
2026-06-20 06:50:24 DEBUG key -> httpSwitch, value -> false 
2026-06-20 06:50:24 DEBUG key -> ws, value -> true 
2026-06-20 06:50:24 DEBUG key -> logicRmi.serviceName, value -> crossRankLogicRMI 
2026-06-20 06:50:24 DEBUG key -> redis.maxIdle, value -> 300 
2026-06-20 06:50:26 INFO  {dataSource-1} inited
2026-06-20 06:50:26 INFO  Loaded JDBC driver: com.mysql.jdbc.Driver
2026-06-20 06:50:30 ERROR LogicRmiManager::publish rmi service url: {} rmi://127.0.0.1:17003/crossRankLogicRMI 
2026-06-20 06:50:47 ERROR ContinuityParameter {1={"actId":1,"startTime":1504818000,"endTime":1504904400,"closeTime":0}, 2={"actId":2,"startTime":1504558800,"endTime":1505163600,"closeTime":0}, 3={"actId":3,"startTime":1551733200,"endTime":1552337999,"closeTime":0}} 
2026-06-20 06:50:50 DEBUG {conn-10004, pstmt-20016} enter cache
2026-06-20 06:50:50 DEBUG {conn-10004, pstmt-20017} enter cache
2026-06-20 06:50:50 ERROR update group Pre:update tb_group set id=10000000000 + id where id != 0 and id<=10000000000; 
2026-06-20 06:50:50 ERROR update groupMember Pre:update tb_groupMember set id=10000000000 + id where id != 0 and id<=10000000000; 
2026-06-20 06:50:50 ERROR ArenaRankError 10001000156 10001000252 3001 
2026-06-20 06:50:50 ERROR ArenaRankError 10001000252 10001000348 3001 
2026-06-20 06:50:50 ERROR ArenaRankError 10001000348 10001000188 3001 
2026-06-20 06:50:50 ERROR ArenaRankError 10001000188 10001000329 3001 
2026-06-20 06:50:50 ERROR ArenaRankError 10001000329 10001000297 3001 
2026-06-20 06:50:50 ERROR ArenaRankError 10001000297 10001000233 3001 
2026-06-20 06:50:50 ERROR ArenaRankError 10001000233 10001000292 3001 
2026-06-20 06:50:51 DEBUG server open days: 3214, rankAct id: 8, state: Expire 
2026-06-20 06:50:51 DEBUG server open days: 3214, rankAct id: 9, state: Expire 
2026-06-20 06:50:51 DEBUG server open days: 3214, rankAct id: 10, state: Expire 
2026-06-20 06:50:51 DEBUG server open days: 3214, rankAct id: 11, state: Expire 
2026-06-20 06:50:51 DEBUG server open days: 3214, rankAct id: 12, state: Expire 
2026-06-20 06:50:51 DEBUG server open days: 3214, rankAct id: 13, state: Expire 
2026-06-20 06:50:51 DEBUG server open days: 3214, rankAct id: 14, state: Expire 
2026-06-20 06:50:55 WARN  Unknown channel option 'SO_KEEPALIVE' for channel '[id: 0xba91b78e]'
2026-06-20 06:50:55 WARN  Unknown channel option 'SO_KEEPALIVE' for channel '[id: 0xad130bbc]'
2026-06-20 06:50:55 INFO  Using default implementation for ThreadExecutor
2026-06-20 06:50:55 INFO  Initialized Scheduler Signaller of type: class org.quartz.core.SchedulerSignalerImpl
2026-06-20 06:50:55 INFO  Quartz Scheduler v.1.8.6 created.
2026-06-20 06:50:55 INFO  Registering Quartz Job Initialization Plug-in.
2026-06-20 06:50:55 INFO  RAMJobStore initialized.
2026-06-20 06:50:55 INFO  Scheduler meta-data: Quartz Scheduler (v1.8.6) 'AUTO' with instanceId 'NON_CLUSTERED'
  Scheduler class: 'org.quartz.core.QuartzScheduler' - running locally.
  NOT STARTED.
  Currently in standby mode.
  Number of jobs executed: 0
  Using thread pool 'org.quartz.simpl.SimpleThreadPool' - with 5 threads.
  Using job-store 'org.quartz.simpl.RAMJobStore' - which does not support persistence. and is not clustered.

2026-06-20 06:50:55 INFO  Quartz scheduler 'AUTO' initialized from default resource file in Quartz package: 'quartz.properties'
2026-06-20 06:50:55 INFO  Quartz scheduler version: 1.8.6
2026-06-20 06:50:55 DEBUG Utilizing schema packaged in local quartz distribution jar.
2026-06-20 06:50:55 INFO  Parsing XML file: quartz_jobs.xml with systemId: quartz_jobs.xml
2026-06-20 06:50:55 DEBUG Found 0 delete job group commands.
2026-06-20 06:50:55 DEBUG Found 0 delete trigger group commands.
2026-06-20 06:50:55 DEBUG Found 0 delete job commands.
2026-06-20 06:50:55 DEBUG Found 0 delete trigger commands.
2026-06-20 06:50:55 DEBUG Directive 'overwrite-existing-data' not specified, defaulting to true
2026-06-20 06:50:55 DEBUG Directive 'ignore-duplicates' not specified, defaulting to false
2026-06-20 06:50:55 DEBUG Found 1 job definitions.
2026-06-20 06:50:55 DEBUG Parsed job definition: JobDetail 'AUTO.JOBS':  jobClass: 'com.linlongyx.sanguo.webgame.quartz.QuartzJob isStateful: false isVolatile: false isDurable: false requestsRecovers: false
2026-06-20 06:50:55 DEBUG Found 11 trigger definitions.
2026-06-20 06:50:55 DEBUG Parsed trigger definition: Trigger 'DEFAULT.10000':  triggerClass: 'org.quartz.CronTrigger isVolatile: false calendar: 'null' misfireInstruction: 0 nextFireTime: null
2026-06-20 06:50:55 DEBUG Parsed trigger definition: Trigger 'DEFAULT.10001':  triggerClass: 'org.quartz.CronTrigger isVolatile: false calendar: 'null' misfireInstruction: 0 nextFireTime: null
2026-06-20 06:50:55 DEBUG Parsed trigger definition: Trigger 'DEFAULT.10002':  triggerClass: 'org.quartz.CronTrigger isVolatile: false calendar: 'null' misfireInstruction: 0 nextFireTime: null
2026-06-20 06:50:55 DEBUG Parsed trigger definition: Trigger 'DEFAULT.10010':  triggerClass: 'org.quartz.CronTrigger isVolatile: false calendar: 'null' misfireInstruction: 0 nextFireTime: null
2026-06-20 06:50:55 DEBUG Parsed trigger definition: Trigger 'DEFAULT.10011':  triggerClass: 'org.quartz.CronTrigger isVolatile: false calendar: 'null' misfireInstruction: 0 nextFireTime: null
2026-06-20 06:50:55 DEBUG Parsed trigger definition: Trigger 'DEFAULT.10012':  triggerClass: 'org.quartz.CronTrigger isVolatile: false calendar: 'null' misfireInstruction: 0 nextFireTime: null
2026-06-20 06:50:55 DEBUG Parsed trigger definition: Trigger 'DEFAULT.20001':  triggerClass: 'org.quartz.CronTrigger isVolatile: false calendar: 'null' misfireInstruction: 0 nextFireTime: null
2026-06-20 06:50:55 DEBUG Parsed trigger definition: Trigger 'DEFAULT.20003':  triggerClass: 'org.quartz.CronTrigger isVolatile: false calendar: 'null' misfireInstruction: 0 nextFireTime: null
2026-06-20 06:50:55 DEBUG Parsed trigger definition: Trigger 'DEFAULT.20004':  triggerClass: 'org.quartz.CronTrigger isVolatile: false calendar: 'null' misfireInstruction: 0 nextFireTime: null
2026-06-20 06:50:55 DEBUG Parsed trigger definition: Trigger 'DEFAULT.20005':  triggerClass: 'org.quartz.CronTrigger isVolatile: false calendar: 'null' misfireInstruction: 0 nextFireTime: null
2026-06-20 06:50:55 DEBUG Parsed trigger definition: Trigger 'DEFAULT.20006':  triggerClass: 'org.quartz.CronTrigger isVolatile: false calendar: 'null' misfireInstruction: 0 nextFireTime: null
2026-06-20 06:50:55 INFO  Adding 1 jobs, 11 triggers.
2026-06-20 06:50:55 INFO  Adding job: AUTO.JOBS
2026-06-20 06:50:55 DEBUG Scheduling job: AUTO.JOBS with trigger: DEFAULT.10000
2026-06-20 06:50:55 DEBUG Scheduling job: AUTO.JOBS with trigger: DEFAULT.10001
2026-06-20 06:50:55 DEBUG Scheduling job: AUTO.JOBS with trigger: DEFAULT.10002
2026-06-20 06:50:55 DEBUG Scheduling job: AUTO.JOBS with trigger: DEFAULT.10010
2026-06-20 06:50:55 DEBUG Scheduling job: AUTO.JOBS with trigger: DEFAULT.10011
2026-06-20 06:50:55 DEBUG Scheduling job: AUTO.JOBS with trigger: DEFAULT.10012
2026-06-20 06:50:55 DEBUG Scheduling job: AUTO.JOBS with trigger: DEFAULT.20001
2026-06-20 06:50:55 DEBUG Scheduling job: AUTO.JOBS with trigger: DEFAULT.20003
2026-06-20 06:50:55 DEBUG Scheduling job: AUTO.JOBS with trigger: DEFAULT.20004
2026-06-20 06:50:55 DEBUG Scheduling job: AUTO.JOBS with trigger: DEFAULT.20005
2026-06-20 06:50:55 DEBUG Scheduling job: AUTO.JOBS with trigger: DEFAULT.20006
2026-06-20 06:50:55 INFO  Scheduler AUTO_$_NON_CLUSTERED started.
2026-06-20 06:50:55 DEBUG Reading descriptors ( dom ) 57
2026-06-20 06:50:55 DEBUG Using existing MBeanServer 1
2026-06-20 06:50:55 DEBUG default constructor
2026-06-20 06:50:55 DEBUG preRegister com.linlongyx.sanguo.webgame.service.LookUpService@1c807b1d onlineNum:Click=ShowDetail
2026-06-20 06:50:55 DEBUG default constructor
2026-06-20 06:50:55 DEBUG preRegister com.linlongyx.sanguo.webgame.service.JsonTableService@238b521e reload:Click=reloadJson
2026-06-20 06:50:55 DEBUG default constructor
2026-06-20 06:50:55 DEBUG preRegister com.linlongyx.core.utils.ChatUtil@1b39fd82 reload:Click=reloadSensitive
2026-06-20 06:50:55 ERROR Started version:  110000 
2026-06-20 06:50:56 DEBUG Checking for available updated version of Quartz...
2026-06-20 06:50:57 DEBUG Quartz version update check failed: Server returned HTTP response code: 403 for URL: http://www.terracotta.org/kit/reflector?kitID=quartz&pageID=update.properties&id=-1062731413&os-name=Windows+10&jvm-name=Java+HotSpot%28TM%29+64-Bit+Server+VM&jvm-version=1.8.0_181&platform=amd64&tc-version=1.8.6&tc-product=Quartz&source=Quartz&uptime-secs=1&patch=UNKNOWN
2026-06-20 06:50:59 INFO  初始化 消息处理器成功
2026-06-20 06:51:00 DEBUG Producing instance of Job 'AUTO.JOBS', class=com.linlongyx.sanguo.webgame.quartz.QuartzJob
2026-06-20 06:51:00 DEBUG Calling execute on job AUTO.JOBS
2026-06-20 06:51:00 INFO  触发cmd：20005
2026-06-20 06:51:00 ERROR LoginInfoProcessor::handleRequest 6 10000 0 
2026-06-20 06:51:12 INFO  log_new_player_scene|10000|6|0|1|2026-06-20 06:51:12|2026-06-20 06:51:12
2026-06-20 06:51:12 ERROR EnterGameProcessor::handleRequest userId: 6 playerId: 0 request.playerId: 10000000004 nanoTime: 64271344072400 
2026-06-20 06:51:12 ERROR Send errorCode:10019, responseId:20003 
2026-06-20 06:51:30 DEBUG Producing instance of Job 'AUTO.JOBS', class=com.linlongyx.sanguo.webgame.quartz.QuartzJob
2026-06-20 06:51:30 DEBUG Calling execute on job AUTO.JOBS
2026-06-20 06:51:30 INFO  触发cmd：20005
2026-06-20 06:52:00 DEBUG Producing instance of Job 'AUTO.JOBS', class=com.linlongyx.sanguo.webgame.quartz.QuartzJob
2026-06-20 06:52:00 DEBUG Calling execute on job AUTO.JOBS
2026-06-20 06:52:00 INFO  触发cmd：20005
2026-06-20 06:52:30 DEBUG Producing instance of Job 'AUTO.JOBS', class=com.linlongyx.sanguo.webgame.quartz.QuartzJob
2026-06-20 06:52:30 DEBUG Calling execute on job AUTO.JOBS
2026-06-20 06:52:30 INFO  触发cmd：20005
2026-06-20 06:52:30 ERROR rankBossTimeOut 1001 
2026-06-20 06:52:54 ERROR LoginInfoProcessor::handleRequest 6 10000 0 
2026-06-20 06:53:00 DEBUG Producing instance of Job 'AUTO.JOBS', class=com.linlongyx.sanguo.webgame.quartz.QuartzJob
2026-06-20 06:53:00 DEBUG Calling execute on job AUTO.JOBS
2026-06-20 06:53:00 INFO  触发cmd：20005
2026-06-20 06:53:00 INFO  log_new_player_scene|10000|6|0|1|2026-06-20 06:53:00|2026-06-20 06:53:00
2026-06-20 06:53:00 ERROR EnterGameProcessor::handleRequest userId: 6 playerId: 0 request.playerId: 10000000005 nanoTime: 64379697824600 
2026-06-20 06:53:00 ERROR Send errorCode:10019, responseId:20003 
2026-06-20 06:53:30 DEBUG Producing instance of Job 'AUTO.JOBS', class=com.linlongyx.sanguo.webgame.quartz.QuartzJob
2026-06-20 06:53:30 DEBUG Calling execute on job AUTO.JOBS
2026-06-20 06:53:30 INFO  触发cmd：20005
2026-06-20 06:53:30 ERROR rankBossReBorn 1001 
2026-06-20 06:54:00 DEBUG Producing instance of Job 'AUTO.JOBS', class=com.linlongyx.sanguo.webgame.quartz.QuartzJob
2026-06-20 06:54:00 DEBUG Calling execute on job AUTO.JOBS
2026-06-20 06:54:00 INFO  触发cmd：20005
2026-06-20 06:54:10 ERROR rankBossTimeOut 1002 
2026-06-20 06:54:30 DEBUG Producing instance of Job 'AUTO.JOBS', class=com.linlongyx.sanguo.webgame.quartz.QuartzJob
2026-06-20 06:54:30 DEBUG Calling execute on job AUTO.JOBS
2026-06-20 06:54:30 INFO  触发cmd：20005
2026-06-20 06:55:00 DEBUG Producing instance of Job 'AUTO.JOBS', class=com.linlongyx.sanguo.webgame.quartz.QuartzJob
2026-06-20 06:55:00 DEBUG Calling execute on job AUTO.JOBS
2026-06-20 06:55:00 DEBUG Producing instance of Job 'AUTO.JOBS', class=com.linlongyx.sanguo.webgame.quartz.QuartzJob
2026-06-20 06:55:00 DEBUG Calling execute on job AUTO.JOBS
2026-06-20 06:55:00 INFO  触发cmd：20003
2026-06-20 06:55:00 INFO  触发cmd：20005
2026-06-20 06:55:00 ERROR destiny rank refresh 
2026-06-20 06:55:10 ERROR rankBossTimeOut 1001 
2026-06-20 06:57:12 INFO  Refreshing org.springframework.context.annotation.AnnotationConfigApplicationContext@61064425: startup date [Sat Jun 20 06:57:12 EET 2026]; root of context hierarchy
2026-06-20 06:57:12 INFO  Loading XML bean definitions from class path resource [webgame/beans/server-beans.xml]
2026-06-20 06:57:12 INFO  Loading XML bean definitions from class path resource [webgame/beans/mysql-beans.xml]
2026-06-20 06:57:12 INFO  Loading XML bean definitions from class path resource [webgame/beans/service-beans.xml]
2026-06-20 06:57:13 INFO  Loading XML bean definitions from class path resource [webgame/beans/mysql-beans.xml]
2026-06-20 06:57:13 INFO  Loading XML bean definitions from class path resource [webgame/beans/data-beans.xml]
2026-06-20 06:57:13 INFO  Loading properties file from class path resource [webgame/props/webgame.properties]
2026-06-20 06:57:13 INFO  Loading properties file from class path resource [webgame/props/mysql.properties]
2026-06-20 06:57:13 INFO  Loading properties file from class path resource [webgame/props/redis.properties]
2026-06-20 06:57:13 INFO  Loading properties file from class path resource [version.properties]
2026-06-20 06:57:13 DEBUG 加载配置文件 
2026-06-20 06:57:13 DEBUG key -> platform, value -> test 
2026-06-20 06:57:13 DEBUG key -> businessThreadCount, value -> 10 
2026-06-20 06:57:13 DEBUG key -> svn, value -> 32883 
2026-06-20 06:57:13 DEBUG key -> jdbc.url, value -> jdbc:mysql://127.0.0.1:3306/sanguo_game?useUnicode=true&characterEncoding=utf8 
2026-06-20 06:57:13 DEBUG key -> secretKey, value -> 5Jqxjo10Yl2ElQCwJm 
2026-06-20 06:57:13 DEBUG key -> so.backlog, value -> 128 
2026-06-20 06:57:13 DEBUG key -> url, value -> http://127.0.0.1:8080/ 
2026-06-20 06:57:13 DEBUG key -> redis.testOnBorrow, value -> true 
2026-06-20 06:57:13 DEBUG key -> serverId, value -> 10000 
2026-06-20 06:57:13 DEBUG key -> redis.maxTotal, value -> 600 
2026-06-20 06:57:13 DEBUG key -> serverName, value -> å°æ¸¸æ1æ 
2026-06-20 06:57:13 DEBUG key -> logserver.isOpen, value -> false 
2026-06-20 06:57:13 DEBUG key -> redis.port, value -> 6379 
2026-06-20 06:57:13 DEBUG key -> jmxPort, value -> 19301 
2026-06-20 06:57:13 DEBUG key -> redis.db, value -> 13 
2026-06-20 06:57:13 DEBUG key -> redis.timeout, value -> 5000 
2026-06-20 06:57:13 DEBUG key -> logserver.port, value -> 6000 
2026-06-20 06:57:13 DEBUG key -> jdbc.user, value -> root 
2026-06-20 06:57:13 DEBUG key -> keystorePass, value ->  
2026-06-20 06:57:13 DEBUG key -> characterEncoding, value -> UTF-8 
2026-06-20 06:57:13 DEBUG key -> logicRmi.port, value -> 17003 
2026-06-20 06:57:13 DEBUG key -> debug, value -> true 
2026-06-20 06:57:13 DEBUG key -> wss, value -> false 
2026-06-20 06:57:13 DEBUG key -> dataLocation, value -> cn 
2026-06-20 06:57:13 DEBUG key -> useUnicode, value -> true 
2026-06-20 06:57:13 DEBUG key -> redis.pass, value -> e5968b5bd4f916e4 
2026-06-20 06:57:13 DEBUG key -> jmxPass, value -> g6UoONwr6joi1ApG 
2026-06-20 06:57:13 DEBUG key -> appId, value -> 100962 
2026-06-20 06:57:13 DEBUG key -> jks, value -> sanguo-lb1.linlongyx.com 
2026-06-20 06:57:13 DEBUG key -> so.keepalive, value -> true 
2026-06-20 06:57:13 DEBUG key -> http.port, value -> 19268 
2026-06-20 06:57:13 DEBUG key -> jdbc.driverClassName, value -> com.mysql.jdbc.Driver 
2026-06-20 06:57:13 DEBUG key -> cchId, value -> 392 
2026-06-20 06:57:13 DEBUG key -> workerThreadCount, value -> 14 
2026-06-20 06:57:13 DEBUG key -> bossThreadCount, value -> 1 
2026-06-20 06:57:13 DEBUG key -> redis.host, value -> 127.0.0.1 
2026-06-20 06:57:13 DEBUG key -> logserver.host, value -> 127.0.0.1 
2026-06-20 06:57:13 DEBUG key -> openTime, value -> 2017-09-02 00:00:00 
2026-06-20 06:57:13 DEBUG key -> logserver.dataPath, value -> ./log 
2026-06-20 06:57:13 DEBUG key -> wordLocation, value -> cn 
2026-06-20 06:57:13 DEBUG key -> ws.port, value -> 19101 
2026-06-20 06:57:13 DEBUG key -> jdbc.password, value -> X7kR9mP2qN5wL8jZ 
2026-06-20 06:57:13 DEBUG key -> logicRmi.cmport, value -> 17004 
2026-06-20 06:57:13 DEBUG key -> path, value -> webgame/platform/ 
2026-06-20 06:57:13 DEBUG key -> rmi.url, value -> rmi://127.0.0.1:19850/crossRankRMI 
2026-06-20 06:57:13 DEBUG key -> tag, value -> 24b0d14d02f7970e270d2b70dfab4ea62fc2390a 
2026-06-20 06:57:13 DEBUG key -> logicRmi.host, value -> 127.0.0.1 
2026-06-20 06:57:13 DEBUG key -> jmxName, value -> llyx-sanguo 
2026-06-20 06:57:13 DEBUG key -> crossUrl, value -> wss://sanguo-lb1.linlongyx.com:5003/ws 
2026-06-20 06:57:13 DEBUG key -> redis.maxWait, value -> 10000 
2026-06-20 06:57:13 DEBUG key -> version, value -> 1.1000 
2026-06-20 06:57:13 DEBUG key -> httpSwitch, value -> false 
2026-06-20 06:57:13 DEBUG key -> ws, value -> true 
2026-06-20 06:57:13 DEBUG key -> logicRmi.serviceName, value -> crossRankLogicRMI 
2026-06-20 06:57:13 DEBUG key -> redis.maxIdle, value -> 300 
2026-06-20 06:57:14 INFO  {dataSource-1} inited
2026-06-20 06:57:14 INFO  Loaded JDBC driver: com.mysql.jdbc.Driver
2026-06-20 06:57:15 ERROR LogicRmiManager::publish rmi service url: {} rmi://127.0.0.1:17003/crossRankLogicRMI 
2026-06-20 06:57:24 ERROR ContinuityParameter {1={"actId":1,"startTime":1504818000,"endTime":1504904400,"closeTime":0}, 2={"actId":2,"startTime":1504558800,"endTime":1505163600,"closeTime":0}, 3={"actId":3,"startTime":1551733200,"endTime":1552337999,"closeTime":0}} 
2026-06-20 06:57:25 DEBUG {conn-10004, pstmt-20016} enter cache
2026-06-20 06:57:25 DEBUG {conn-10004, pstmt-20017} enter cache
2026-06-20 06:57:25 ERROR update group Pre:update tb_group set id=10000000000 + id where id != 0 and id<=10000000000; 
2026-06-20 06:57:25 ERROR update groupMember Pre:update tb_groupMember set id=10000000000 + id where id != 0 and id<=10000000000; 
2026-06-20 06:57:25 ERROR ArenaRankError 10001000186 10001000231 3001 
2026-06-20 06:57:25 ERROR ArenaRankError 10001000231 10001000167 3001 
2026-06-20 06:57:25 ERROR ArenaRankError 10001000167 10001000353 3001 
2026-06-20 06:57:25 ERROR ArenaRankError 10001000353 10001000321 3001 
2026-06-20 06:57:25 ERROR ArenaRankError 10001000321 10001000233 3001 
2026-06-20 06:57:25 ERROR ArenaRankError 10001000233 10001000292 3001 
2026-06-20 06:57:25 DEBUG server open days: 3214, rankAct id: 8, state: Expire 
2026-06-20 06:57:25 DEBUG server open days: 3214, rankAct id: 9, state: Expire 
2026-06-20 06:57:25 DEBUG server open days: 3214, rankAct id: 10, state: Expire 
2026-06-20 06:57:25 DEBUG server open days: 3214, rankAct id: 11, state: Expire 
2026-06-20 06:57:25 DEBUG server open days: 3214, rankAct id: 12, state: Expire 
2026-06-20 06:57:25 DEBUG server open days: 3214, rankAct id: 13, state: Expire 
2026-06-20 06:57:25 DEBUG server open days: 3214, rankAct id: 14, state: Expire 
2026-06-20 06:57:26 WARN  Unknown channel option 'SO_KEEPALIVE' for channel '[id: 0x6759cb51]'
2026-06-20 06:57:26 WARN  Unknown channel option 'SO_KEEPALIVE' for channel '[id: 0xfcf57e2e]'
2026-06-20 06:57:26 INFO  Using default implementation for ThreadExecutor
2026-06-20 06:57:26 INFO  Initialized Scheduler Signaller of type: class org.quartz.core.SchedulerSignalerImpl
2026-06-20 06:57:26 INFO  Quartz Scheduler v.1.8.6 created.
2026-06-20 06:57:26 INFO  Registering Quartz Job Initialization Plug-in.
2026-06-20 06:57:26 INFO  RAMJobStore initialized.
2026-06-20 06:57:26 INFO  Scheduler meta-data: Quartz Scheduler (v1.8.6) 'AUTO' with instanceId 'NON_CLUSTERED'
  Scheduler class: 'org.quartz.core.QuartzScheduler' - running locally.
  NOT STARTED.
  Currently in standby mode.
  Number of jobs executed: 0
  Using thread pool 'org.quartz.simpl.SimpleThreadPool' - with 5 threads.
  Using job-store 'org.quartz.simpl.RAMJobStore' - which does not support persistence. and is not clustered.

2026-06-20 06:57:26 INFO  Quartz scheduler 'AUTO' initialized from default resource file in Quartz package: 'quartz.properties'
2026-06-20 06:57:26 INFO  Quartz scheduler version: 1.8.6
2026-06-20 06:57:26 DEBUG Utilizing schema packaged in local quartz distribution jar.
2026-06-20 06:57:26 INFO  Parsing XML file: quartz_jobs.xml with systemId: quartz_jobs.xml
2026-06-20 06:57:26 DEBUG Found 0 delete job group commands.
2026-06-20 06:57:26 DEBUG Found 0 delete trigger group commands.
2026-06-20 06:57:26 DEBUG Found 0 delete job commands.
2026-06-20 06:57:26 DEBUG Found 0 delete trigger commands.
2026-06-20 06:57:26 DEBUG Directive 'overwrite-existing-data' not specified, defaulting to true
2026-06-20 06:57:26 DEBUG Directive 'ignore-duplicates' not specified, defaulting to false
2026-06-20 06:57:26 DEBUG Found 1 job definitions.
2026-06-20 06:57:26 DEBUG Parsed job definition: JobDetail 'AUTO.JOBS':  jobClass: 'com.linlongyx.sanguo.webgame.quartz.QuartzJob isStateful: false isVolatile: false isDurable: false requestsRecovers: false
2026-06-20 06:57:26 DEBUG Found 11 trigger definitions.
2026-06-20 06:57:26 DEBUG Parsed trigger definition: Trigger 'DEFAULT.10000':  triggerClass: 'org.quartz.CronTrigger isVolatile: false calendar: 'null' misfireInstruction: 0 nextFireTime: null
2026-06-20 06:57:26 DEBUG Parsed trigger definition: Trigger 'DEFAULT.10001':  triggerClass: 'org.quartz.CronTrigger isVolatile: false calendar: 'null' misfireInstruction: 0 nextFireTime: null
2026-06-20 06:57:26 DEBUG Parsed trigger definition: Trigger 'DEFAULT.10002':  triggerClass: 'org.quartz.CronTrigger isVolatile: false calendar: 'null' misfireInstruction: 0 nextFireTime: null
2026-06-20 06:57:26 DEBUG Parsed trigger definition: Trigger 'DEFAULT.10010':  triggerClass: 'org.quartz.CronTrigger isVolatile: false calendar: 'null' misfireInstruction: 0 nextFireTime: null
2026-06-20 06:57:26 DEBUG Parsed trigger definition: Trigger 'DEFAULT.10011':  triggerClass: 'org.quartz.CronTrigger isVolatile: false calendar: 'null' misfireInstruction: 0 nextFireTime: null
2026-06-20 06:57:26 DEBUG Parsed trigger definition: Trigger 'DEFAULT.10012':  triggerClass: 'org.quartz.CronTrigger isVolatile: false calendar: 'null' misfireInstruction: 0 nextFireTime: null
2026-06-20 06:57:26 DEBUG Parsed trigger definition: Trigger 'DEFAULT.20001':  triggerClass: 'org.quartz.CronTrigger isVolatile: false calendar: 'null' misfireInstruction: 0 nextFireTime: null
2026-06-20 06:57:26 DEBUG Parsed trigger definition: Trigger 'DEFAULT.20003':  triggerClass: 'org.quartz.CronTrigger isVolatile: false calendar: 'null' misfireInstruction: 0 nextFireTime: null
2026-06-20 06:57:26 DEBUG Parsed trigger definition: Trigger 'DEFAULT.20004':  triggerClass: 'org.quartz.CronTrigger isVolatile: false calendar: 'null' misfireInstruction: 0 nextFireTime: null
2026-06-20 06:57:26 DEBUG Parsed trigger definition: Trigger 'DEFAULT.20005':  triggerClass: 'org.quartz.CronTrigger isVolatile: false calendar: 'null' misfireInstruction: 0 nextFireTime: null
2026-06-20 06:57:26 DEBUG Parsed trigger definition: Trigger 'DEFAULT.20006':  triggerClass: 'org.quartz.CronTrigger isVolatile: false calendar: 'null' misfireInstruction: 0 nextFireTime: null
2026-06-20 06:57:26 INFO  Adding 1 jobs, 11 triggers.
2026-06-20 06:57:26 INFO  Adding job: AUTO.JOBS
2026-06-20 06:57:26 DEBUG Scheduling job: AUTO.JOBS with trigger: DEFAULT.10000
2026-06-20 06:57:27 DEBUG Scheduling job: AUTO.JOBS with trigger: DEFAULT.10001
2026-06-20 06:57:27 DEBUG Scheduling job: AUTO.JOBS with trigger: DEFAULT.10002
2026-06-20 06:57:27 DEBUG Scheduling job: AUTO.JOBS with trigger: DEFAULT.10010
2026-06-20 06:57:27 DEBUG Scheduling job: AUTO.JOBS with trigger: DEFAULT.10011
2026-06-20 06:57:27 DEBUG Scheduling job: AUTO.JOBS with trigger: DEFAULT.10012
2026-06-20 06:57:27 DEBUG Scheduling job: AUTO.JOBS with trigger: DEFAULT.20001
2026-06-20 06:57:27 DEBUG Scheduling job: AUTO.JOBS with trigger: DEFAULT.20003
2026-06-20 06:57:27 DEBUG Scheduling job: AUTO.JOBS with trigger: DEFAULT.20004
2026-06-20 06:57:27 DEBUG Scheduling job: AUTO.JOBS with trigger: DEFAULT.20005
2026-06-20 06:57:27 DEBUG Scheduling job: AUTO.JOBS with trigger: DEFAULT.20006
2026-06-20 06:57:27 INFO  Scheduler AUTO_$_NON_CLUSTERED started.
2026-06-20 06:57:27 DEBUG Reading descriptors ( dom ) 49
2026-06-20 06:57:27 DEBUG Using existing MBeanServer 0
2026-06-20 06:57:27 DEBUG default constructor
2026-06-20 06:57:27 DEBUG preRegister com.linlongyx.sanguo.webgame.service.LookUpService@1c807b1d onlineNum:Click=ShowDetail
2026-06-20 06:57:27 DEBUG default constructor
2026-06-20 06:57:27 DEBUG preRegister com.linlongyx.sanguo.webgame.service.JsonTableService@238b521e reload:Click=reloadJson
2026-06-20 06:57:27 DEBUG default constructor
2026-06-20 06:57:27 DEBUG preRegister com.linlongyx.core.utils.ChatUtil@1b39fd82 reload:Click=reloadSensitive
2026-06-20 06:57:27 ERROR Started version:  110000 
2026-06-20 06:57:27 DEBUG Checking for available updated version of Quartz...
2026-06-20 06:57:27 DEBUG Quartz version update check failed: Server returned HTTP response code: 403 for URL: http://www.terracotta.org/kit/reflector?kitID=quartz&pageID=update.properties&id=-1062731413&os-name=Windows+10&jvm-name=Java+HotSpot%28TM%29+64-Bit+Server+VM&jvm-version=1.8.0_181&platform=amd64&tc-version=1.8.6&tc-product=Quartz&source=Quartz&uptime-secs=1&patch=UNKNOWN
2026-06-20 06:57:30 DEBUG Producing instance of Job 'AUTO.JOBS', class=com.linlongyx.sanguo.webgame.quartz.QuartzJob
2026-06-20 06:57:30 DEBUG Calling execute on job AUTO.JOBS
2026-06-20 06:57:30 INFO  触发cmd：20005
2026-06-20 06:58:00 DEBUG Producing instance of Job 'AUTO.JOBS', class=com.linlongyx.sanguo.webgame.quartz.QuartzJob
2026-06-20 06:58:00 DEBUG Calling execute on job AUTO.JOBS
2026-06-20 06:58:00 INFO  触发cmd：20005
2026-06-20 06:58:30 DEBUG Producing instance of Job 'AUTO.JOBS', class=com.linlongyx.sanguo.webgame.quartz.QuartzJob
2026-06-20 06:58:30 DEBUG Calling execute on job AUTO.JOBS
2026-06-20 06:58:30 INFO  触发cmd：20005
2026-06-20 06:59:00 DEBUG Producing instance of Job 'AUTO.JOBS', class=com.linlongyx.sanguo.webgame.quartz.QuartzJob
2026-06-20 06:59:00 DEBUG Calling execute on job AUTO.JOBS
2026-06-20 06:59:00 INFO  触发cmd：20005
2026-06-20 06:59:05 ERROR rankBossTimeOut 1001 
2026-06-20 06:59:30 DEBUG Producing instance of Job 'AUTO.JOBS', class=com.linlongyx.sanguo.webgame.quartz.QuartzJob
2026-06-20 06:59:30 DEBUG Calling execute on job AUTO.JOBS
2026-06-20 06:59:30 INFO  触发cmd：20005
2026-06-20 07:00:00 DEBUG Producing instance of Job 'AUTO.JOBS', class=com.linlongyx.sanguo.webgame.quartz.QuartzJob
2026-06-20 07:00:00 DEBUG Calling execute on job AUTO.JOBS
2026-06-20 07:00:00 DEBUG Producing instance of Job 'AUTO.JOBS', class=com.linlongyx.sanguo.webgame.quartz.QuartzJob
2026-06-20 07:00:00 DEBUG Calling execute on job AUTO.JOBS
2026-06-20 07:00:00 DEBUG Producing instance of Job 'AUTO.JOBS', class=com.linlongyx.sanguo.webgame.quartz.QuartzJob
2026-06-20 07:00:00 DEBUG Calling execute on job AUTO.JOBS
2026-06-20 07:00:00 DEBUG Producing instance of Job 'AUTO.JOBS', class=com.linlongyx.sanguo.webgame.quartz.QuartzJob
2026-06-20 07:00:00 INFO  触发cmd：20001
2026-06-20 07:00:00 INFO  HttpSender.socket：127.0.0.1:19268 GET /?cmd=10012&signature=c18c989c08dea6f64754a0d42eb61183 HTTP/1.1

2026-06-20 07:00:00 INFO  触发cmd：10012
2026-06-20 07:00:00 DEBUG Calling execute on job AUTO.JOBS
2026-06-20 07:00:00 INFO  触发cmd：20003
2026-06-20 07:00:00 INFO  触发cmd：20005
2026-06-20 07:00:00 ERROR destiny rank refresh 
2026-06-20 07:00:00 INFO  HttpServerHandler.channelRead0:cmd=10012,signature=c18c989c08dea6f64754a0d42eb61183,
2026-06-20 07:00:01 INFO  ProcessingHttpEvents.trigger.income.cmd:10012 method:
2026-06-20 07:00:01 DEBUG ProcessingHttpEvents.trigger.cmd:10012 method: spendTime:53 p:{cmd=[10012], signature=[c18c989c08dea6f64754a0d42eb61183]}
2026-06-20 07:00:05 ERROR rankBossReBorn 1001 
2026-06-20 07:00:15 INFO  初始化 消息处理器成功
2026-06-20 07:00:16 ERROR LoginInfoProcessor::handleRequest 6 10000 0 
2026-06-20 07:00:25 ERROR EntityProxy::saveMY String index out of range: -1 java.lang.StringIndexOutOfBoundsException: String index out of range: -1 
2026-06-20 07:00:25 INFO  log_new_player_scene|10000|6|0|1|2026-06-20 07:00:25|2026-06-20 07:00:25
2026-06-20 07:00:25 ERROR EnterGameProcessor::handleRequest userId: 6 playerId: 0 request.playerId: 10000000006 nanoTime: 64824441149600 
2026-06-20 07:00:26 ERROR RankActUtil addRankValue 10000000006 14 221 
2026-06-20 07:00:26 ERROR RankActUtil end 10000000006 14 221 
2026-06-20 07:00:27 ERROR Send errorCode:10061, responseId:24201 
2026-06-20 07:00:27 DEBUG default constructor
2026-06-20 07:00:27 DEBUG preRegister RechargeRebateComponent:;<br>DestinyComponent:DestinyEntity{playerId=10000000006, attacks=[], defenses=[], battles={}, robTimes=6, totalRobTimes=0, refreshTimes=0, tasks=[], destinyStone=0, lastResetTime=1781928026};<br>ChatComponent:;<br>MountsComponent:;<br>CrossRankActComponent:;<br>TowerComponent:TowerEntity{playerId=10000000006, curLayers=0, preLayers=0, todayNormalReward=0, todayCCYReward=0, passTime=0, actPlayTime={}, mobai=1, needSend=0, records=[]};<br>ArenaComponent:ArenaEntity{playerId=10000000006, rank=3001, maxRank=0, reports=[], fightTimes=0, lastTime=0, buyTimes=0, eliminateTimes=0, totalFightTimes=0};<br>TurnplateComponent:;<br>InvitationComponent:ExtendEntity{playerId=10000000006, recruitInvitation=false, wxInfo=[], levelRewards={}, chargeRewards={}, normalRewards=[], invitationNum=0, invitationTotal=0, nextTime=0, levelNumMap={}, numMap={}};<br>CrossRaceComponent:com.linlongyx.sanguo.webgame.app.crossRace.CrossRaceEntity$$EnhancerByCGLIB$$f8680dfd@2d8359d4;<br>GroupMemberComponent:GroupMemberEntity{playerId=10000000006, id=0, position=0, applySet=[], totalOffer=0, sacrificeBox=[], sacrificeType=0, skills={}, listOpen=false, playerRewards={}, fightTimes=0, lastResettime=0, totalTimes=0};<br>PartnerComponent:;<br>SanGuoZhiComponent:;<br>ContinuityComponent:;<br>ArtifactComponent:;<br>UnparalleledComponent:UnparalleledEntity{playerId=10000000006, partneredHpMap={}, resetTimes=0, buffs=[], layerAddition=[], curPoint=0, maxPoint=0, challengeNum=0, currMaxStar=0, surpStar=0, playedPoints={}, layerBox=[], lastMaxStar=0, battlePartner=[], sweep=false, insMap={}, lastPassTime=0, lastMaxRank=0, totalResetTimes=0, attrsList={}, levelMap={}};<br>BossHomeComponent:BossHomeEntity{playerId=10000000006, counts={}, times={}, restores={}, buys={}, worldRewards=[], bossNeedNotice=[], teamFightTimes=0, totalFightTimes=0, alienCount=0, buyAlienCount=0, totalNeutralBoss=0};<br>StageComponent:;<br>SingleInsComponent:SingleInsEntity{playerId=10000000006, times={}, maxPoints={}, clears=[], totalTime=0, bossMap={}, timesMap={}, buyTimeMap={}, totalChallengeMap={}, vipSweepTimes={}, kfHandbook={}, stageHandbook={}, zfHandbook={}, actPlayTime={}};<br>RuneComponent:RuneEntity{playerId=10000000006, runeMidInit=0, goldEndTime=0, runeMap={}, totalZhuHun=0, talismanTurn=0, tatalArtificeTimes=0, point=0, times=0, hp=3, records=[], lastRecoverTime=0, dailyReward={}, stageReward={}};<br>KungFuComponent:;<br>DivineComponent:;<br>SecretiComponent:com.linlongyx.sanguo.webgame.app.secreti.SecretiEntity$$EnhancerByCGLIB$$d50cf76d@3ffb04c0;<br>RankActComponent:RankActEntity{playerId=10000000006, id=11, value=0, open=false}RankActEntity{playerId=10000000006, id=12, value=0, open=false}RankActEntity{playerId=10000000006, id=13, value=0, open=false}RankActEntity{playerId=10000000006, id=14, value=0, open=false}RankActEntity{playerId=10000000006, id=8, value=0, open=false}RankActEntity{playerId=10000000006, id=9, value=0, open=false}RankActEntity{playerId=10000000006, id=10, value=0, open=false};<br>DrawCardComponent:;<br>MentalComponent:MentalEntity{playerId=10000000006, times=0, totalTimes=0, freeTime=0, rewardIds=[], point=0, records=[]};<br>FashionComponent:;<br>ZodiacComponent:;<br>WarLineupComponent:;<br>SignComponent:SignEntity{playerId=10000000006signToday=falsesignCount=0weekCharge=0dayCharge=0todayReward=[]weekReward=[]signReward={}levelMap={}timeMap={}showLevel=90};<br>SkillComponent:;<br>BaguaComponent:BaguaEntity{playerId=10000000006, chapterMap={}, curInsId=0, insIdMap={}, asistTime=0, sweep=0};<br>RuneBagComponent:;<br>ConsumeRebateComponent:;<br>RecruitComponent:RecruitEntity{playerId=10000000006, nextFreeTime=1781928026, currFreeCount=3, recruitTimes=0, time=0, ccyRecruitTimes=0, totalRecruitTimes=0, score=0, boxList=[], free=0, today=[4], tommorow=[4], refreshNum=0, tenCCYRecruit=0, firstGetList=[{"key":212402,"value":3,"valueStr":"2"}, {"key":211502,"value":3,"valueStr":"2"}, {"key":211403,"value":5,"valueStr":"2"}, {"key":212505,"value":3,"valueStr":"2"}, {"key":213502,"value":3,"valueStr":"2"}, {"key":211503,"value":3,"valueStr":"2"}, {"key":213504,"value":5,"valueStr":"2"}, {"key":214404,"value":3,"valueStr":"2"}, {"key":212506,"value":5,"valueStr":"2"}, {"key":2502,"value":1,"valueStr":"4"}], rebateScore=0, rebateReward={}, endTime=0, goldScore=0, goldBoxList=[], goldFree=0, goldToday=[], goldTommorow=[], goldRefreshNum=0, goldRecruitTimes=0};<br>PlayerComponent:PlayerEntity{playerId=10000000006, userId=6, playerName='racon', level=1, sex=1, sceneId=30101, head='sex:1:', currencies=[0, 0, 0, 0, 0, 0, 0, 0, 0, 0, 0, 0, 0, 0, 0, 0, 0, 0, 0], fighters=[-1, 0, 0, 0, 0, 0], createTime=1781928025, mailIdCount=0, pubIdCount=2101, status={}, breakthroughs=0, talents=[], desLv=0, desProgress=0, stars=0, equips={1=0, 2=0, 3=0, 4=0, 5=0, 6=0}, vip=10, vipReward=[], loginOutTime=1781928025, leaderId=101, fightValue=221, totalValue=221, quality=40, worships=[], isWorship=[0, 0, 0, 0, 0, 0, 0, 0, 0, 0], activeTitles={}, wearTitle=0, wearFashion=0, onlineTime=0, onlineReward=[], todayLevel=1, firstHand=0, soulLevel=0, soulsFighter=[], talisman=0, reincarnationMap={}, reincarnationIds=[]};<br>FriendComponent:FriendEntity{playerId=10000000006, ids=[], applyMap={}, chatMap={}, sendIds=[], needReceiveIds=[], receivedIds=[], totalSendCount=0, favors={}, offlineReceiveIds=[]};<br>LimitExchangeComponent:limitexchangeEntity{playerId=10000000006, id=1, limitExchangeGoods={}, open=false}limitexchangeEntity{playerId=10000000006, id=2, limitExchangeGoods={}, open=false}limitexchangeEntity{playerId=10000000006, id=1006, limitExchangeGoods={}, open=false}limitexchangeEntity{playerId=10000000006, id=3, limitExchangeGoods={}, open=false}limitexchangeEntity{playerId=10000000006, id=1005, limitExchangeGoods={}, open=false}limitexchangeEntity{playerId=10000000006, id=4, limitExchangeGoods={}, open=false}limitexchangeEntity{playerId=10000000006, id=1004, limitExchangeGoods={}, open=false}limitexchangeEntity{playerId=10000000006, id=5, limitExchangeGoods={}, open=false}limitexchangeEntity{playerId=10000000006, id=1003, limitExchangeGoods={}, open=false}limitexchangeEntity{playerId=10000000006, id=6, limitExchangeGoods={}, open=false}limitexchangeEntity{playerId=10000000006, id=1002, limitExchangeGoods={}, open=false}limitexchangeEntity{playerId=10000000006, id=1001, limitExchangeGoods={}, open=false};<br>GeneralComponent:GeneralEntity{playerId=10000000006, challenges={}, resetTimes={}, stars={}, boxReward={}, allStar=0, costOrder=0, restore=0, nextTime=0, buyTime=0, totalNum=0, assistInBattle=[], difficultyStar=0, nightmareStar=0, diffboxReward={}, nightboxReward={}};<br>LimitBuyComponent:;<br>MailComponent:;<br>MilitaryOfficeComponent:MilitaryOfficeEntity{playerId=10000000006officeList={}currJobId=0endTime=0status=0officeHelpTimes=0helpList={}helpTimeAdd=0generalRecovery=0typeMap={}currJobHelped=0};<br>TaskComponent:TaskEntity{playerId=10000000006, id=1, schedule=0, chapterReward={}, insMap={}, point=0, dailyProcess={24=1}, dailyDone=[24], dailyReward=[], pointReward=[], chapter=0, guideId=0, fixedStatus=0, firstFail=0, askReward={}, follow=0, realName=false, channelGift={}, channelTime={}, platformReward={}, previewValue={}, previewReward=[], findRewardMax={}};<br>RechargeActivityComponent:;<br>ExtendComponent:ExtendEntity{playerId=10000000006, battleMaxCount=0, totalCurrency={}, consumeCurrency={}, bagSize=100, offlineSec=2, handbookMap={}, zeroResetDate=20260620, weekResetTime=1781470800, combatTimes=0, combatCostTimes=0, wpHandbook={}, equipId=0, functionIds=[38, 72, 9801, 1001, 9802, 31], partnerId=0, firstReChargeSet=[], firstReward=[], todayRecharge=0, speedRadio=0, totalChangeBoss=0, totalChargeCCB=0, totalComPartner=0, newFirstReward=[], newFirstCharge=[], groupReward={}, wanderReward={}, lastWanderReward=[], wanderEndtime=0, choose=false, skipTimes=0, todayFirstCharge=0, todayFirstReward={}, dailyConsume=0, buyGoldTimes=0, buyGoldCost=0, questionnaire=[], clientSets='', shortCut=0};<br>UserComponent:UserEntity{userId=6, userName='', channel=1, token='0fb2e9f91c5d4b09ad88b3f9ecb3d9a4', players=[{"playerId":10000000006,"sex":1,"name":"racon"}], lastLoginTime=0, accountId=0, openid='', orderByPlayerId='0', uid=''};<br>LimitComponent:LimitEntity{playerId=10000000006, id=33, rewardCounts={}, values={}, states={}, dateCharges={}, consumeValue=0, open=false, chargeValue=0, loginDay=0, loginTime=0}LimitEntity{playerId=10000000006, id=45, rewardCounts={}, values={}, states={}, dateCharges={}, consumeValue=0, open=false, chargeValue=0, loginDay=0, loginTime=0}LimitEntity{playerId=10000000006, id=13, rewardCounts={}, values={}, states={}, dateCharges={}, consumeValue=0, open=false, chargeValue=0, loginDay=0, loginTime=0}LimitEntity{playerId=10000000006, id=25, rewardCounts={}, values={}, states={}, dateCharges={}, consumeValue=0, open=false, chargeValue=0, loginDay=0, loginTime=0}LimitEntity{playerId=10000000006, id=37, rewardCounts={}, values={}, states={}, dateCharges={}, consumeValue=0, open=false, chargeValue=0, loginDay=0, loginTime=0}LimitEntity{playerId=10000000006, id=49, rewardCounts={}, values={}, states={}, dateCharges={}, consumeValue=0, open=false, chargeValue=0, loginDay=0, loginTime=0}LimitEntity{playerId=10000000006, id=17, rewardCounts={}, values={}, states={}, dateCharges={}, consumeValue=0, open=false, chargeValue=0, loginDay=0, loginTime=0}LimitEntity{playerId=10000000006, id=29, rewardCounts={}, values={}, states={}, dateCharges={}, consumeValue=0, open=false, chargeValue=0, loginDay=0, loginTime=0}LimitEntity{playerId=10000000006, id=1, rewardCounts={}, values={}, states={}, dateCharges={}, consumeValue=0, open=false, chargeValue=0, loginDay=0, loginTime=0}LimitEntity{playerId=10000000006, id=10009, rewardCounts={}, values={}, states={}, dateCharges={}, consumeValue=0, open=false, chargeValue=0, loginDay=0, loginTime=0}LimitEntity{playerId=10000000006, id=5, rewardCounts={}, values={}, states={}, dateCharges={}, consumeValue=0, open=false, chargeValue=0, loginDay=0, loginTime=0}LimitEntity{playerId=10000000006, id=6, rewardCounts={}, values={}, states={}, dateCharges={}, consumeValue=0, open=false, chargeValue=0, loginDay=0, loginTime=0}LimitEntity{playerId=10000000006, id=10021, rewardCounts={}, values={}, states={}, dateCharges={}, consumeValue=0, open=false, chargeValue=0, loginDay=0, loginTime=0}LimitEntity{playerId=10000000006, id=9, rewardCounts={}, values={}, states={}, dateCharges={}, consumeValue=0, open=false, chargeValue=0, loginDay=0, loginTime=0}LimitEntity{playerId=10000000006, id=10013, rewardCounts={}, values={}, states={}, dateCharges={}, consumeValue=0, open=false, chargeValue=0, loginDay=0, loginTime=0}LimitEntity{playerId=10000000006, id=10001, rewardCounts={}, values={}, states={}, dateCharges={}, consumeValue=0, open=false, chargeValue=0, loginDay=0, loginTime=0}LimitEntity{playerId=10000000006, id=41, rewardCounts={}, values={}, states={}, dateCharges={}, consumeValue=0, open=false, chargeValue=0, loginDay=0, loginTime=0}LimitEntity{playerId=10000000006, id=10025, rewardCounts={}, values={}, states={}, dateCharges={}, consumeValue=0, open=false, chargeValue=0, loginDay=0, loginTime=0}LimitEntity{playerId=10000000006, id=53, rewardCounts={}, values={}, states={}, dateCharges={}, consumeValue=0, open=false, chargeValue=0, loginDay=0, loginTime=0}LimitEntity{playerId=10000000006, id=10017, rewardCounts={}, values={}, states={}, dateCharges={}, consumeValue=0, open=false, chargeValue=0, loginDay=0, loginTime=0}LimitEntity{playerId=10000000006, id=10005, rewardCounts={}, values={}, states={}, dateCharges={}, consumeValue=0, open=false, chargeValue=0, loginDay=0, loginTime=0}LimitEntity{playerId=10000000006, id=21, rewardCounts={}, values={}, states={}, dateCharges={}, consumeValue=0, open=false, chargeValue=0, loginDay=0, loginTime=0};<br>TalismanComponent:;<br>LuckyMoneyComponent:;<br>EquipComponent:;<br>YearBeastComponent:;<br>ShopComponent:ShopEntity{playerId=10000000006, goodsType=1, refreshTime=0, sells={}, ids=[1001, 1002, 1003, 1004, 1006, 1007, 1008, 1009, 1010, 1011, 1012, 1013, 1014, 1015, 1016, 1017, 1018, 1019, 1020, 1021], refreshNum=0, totalSells={}, weekSells={}, actId=0, activitySells={}, currStock={}}ShopEntity{playerId=10000000006, goodsType=100, refreshTime=1781931600, sells={}, ids=[2, 78, 81, 85, 93, 103], refreshNum=0, totalSells={}, weekSells={}, actId=0, activitySells={}, currStock={}}ShopEntity{playerId=10000000006, goodsType=2, refreshTime=0, sells={}, ids=[], refreshNum=0, totalSells={}, weekSells={}, actId=0, activitySells={}, currStock={}};<br>BagComponent:;<br>CardBookComponent:CardBookEntity{cardColor={}lastCardColor={}bottomCardAsk=0colorDanAsk=0lastToColor=0refToColor=0cardPair={}processMap={}giveTimes=0nextAskTime=0infoId=0endTime={}getGive={}itemAsk={}colorTime=0};<br>AchieveComponent:AchieveEntity{playerId=10000000006, value={1072=3001, 1073=3001, 1067=3001, 1068=3001, 1069=3001, 1070=3001, 1071=3001}, fameDone=[], fameReward=[], processReward=[], point=0};<br>WelfareComponent:WelfareEntity{playerId=10000000006, vipDailySet=[], vipWeekTime=1781928027, vipWeekLevel=79, vipWeekGoods={1=0, 2=0, 3=0, 4=0}, vipGiftGoods={}, monthEndTime={}, monthGetTime={}, buyFund=false, fundReward={}, dailyBuyReward={}, oneBuyCharge=0, oneBuyReward={}, gerenalGift=[], oneState=0, times=0, id=0, dailyHaoLi={}, backGiftId=0};<br>WarPetComponent:;<br>SoulsComponent:;<br> player:playerId=10000000006racon
2026-06-20 07:00:27 ERROR repair11190 10000000006 0 
2026-06-20 07:00:27 ERROR repair11200 10000000006 
2026-06-20 07:00:27 ERROR repair11230 10000000006 
2026-06-20 07:00:27 ERROR repair11330 10000000006 0 
2026-06-20 07:00:27 ERROR repair11335 10000000006 0 
2026-06-20 07:00:27 ERROR repair11350 10000000006 0 
2026-06-20 07:00:27 ERROR repair11360 10000000006 
2026-06-20 07:00:27 ERROR repair11360 10000000006 
2026-06-20 07:00:27 INFO  log_currency|10000|6|10000000006|1|11|0|0|2026-06-20 07:00:27|1|1
2026-06-20 07:00:27 ERROR repair11380 10000000006 
2026-06-20 07:00:30 DEBUG Producing instance of Job 'AUTO.JOBS', class=com.linlongyx.sanguo.webgame.quartz.QuartzJob
2026-06-20 07:00:30 DEBUG Calling execute on job AUTO.JOBS
2026-06-20 07:00:30 INFO  触发cmd：20005
2026-06-20 07:00:45 ERROR rankBossTimeOut 1002 
2026-06-20 07:00:54 INFO  log_level|10000|6|10000000006|1|2|2026-06-20 07:00:54
2026-06-20 07:00:54 ERROR RankActUtil addRankValue 10000000006 14 563 
2026-06-20 07:00:54 ERROR RankActUtil end 10000000006 14 563 
2026-06-20 07:01:00 DEBUG Producing instance of Job 'AUTO.JOBS', class=com.linlongyx.sanguo.webgame.quartz.QuartzJob
2026-06-20 07:01:00 DEBUG Calling execute on job AUTO.JOBS
2026-06-20 07:01:00 INFO  触发cmd：20005
2026-06-20 07:01:05 INFO  log_login|10000|6|10000000006|1|0|2026-06-20 07:01:05|2026-06-20 07:00:26|2026-06-20 07:01:05|2130706433|30101
2026-06-20 07:01:05 DEBUG saveAll: 10000000006, name: racon, time: 2026-06-20 07:01:05 
2026-06-20 18:05:13 INFO  Refreshing org.springframework.context.annotation.AnnotationConfigApplicationContext@61064425: startup date [Sat Jun 20 18:05:13 EET 2026]; root of context hierarchy
2026-06-20 18:05:13 INFO  Loading XML bean definitions from class path resource [webgame/beans/server-beans.xml]
2026-06-20 18:05:13 INFO  Loading XML bean definitions from class path resource [webgame/beans/mysql-beans.xml]
2026-06-20 18:05:13 INFO  Loading XML bean definitions from class path resource [webgame/beans/service-beans.xml]
2026-06-20 18:05:13 INFO  Loading XML bean definitions from class path resource [webgame/beans/mysql-beans.xml]
2026-06-20 18:05:13 INFO  Loading XML bean definitions from class path resource [webgame/beans/data-beans.xml]
2026-06-20 18:05:13 INFO  Loading properties file from class path resource [webgame/props/webgame.properties]
2026-06-20 18:05:13 INFO  Loading properties file from class path resource [webgame/props/mysql.properties]
2026-06-20 18:05:13 INFO  Loading properties file from class path resource [webgame/props/redis.properties]
2026-06-20 18:05:13 INFO  Loading properties file from class path resource [version.properties]
2026-06-20 18:05:13 DEBUG 加载配置文件 
2026-06-20 18:05:13 DEBUG key -> platform, value -> test 
2026-06-20 18:05:13 DEBUG key -> businessThreadCount, value -> 10 
2026-06-20 18:05:13 DEBUG key -> svn, value -> 32883 
2026-06-20 18:05:13 DEBUG key -> jdbc.url, value -> jdbc:mysql://127.0.0.1:3306/sanguo_game?useUnicode=true&characterEncoding=utf8 
2026-06-20 18:05:13 DEBUG key -> secretKey, value -> 5Jqxjo10Yl2ElQCwJm 
2026-06-20 18:05:13 DEBUG key -> so.backlog, value -> 128 
2026-06-20 18:05:13 DEBUG key -> url, value -> http://127.0.0.1:8080/ 
2026-06-20 18:05:13 DEBUG key -> redis.testOnBorrow, value -> true 
2026-06-20 18:05:13 DEBUG key -> serverId, value -> 10000 
2026-06-20 18:05:13 DEBUG key -> redis.maxTotal, value -> 600 
2026-06-20 18:05:13 DEBUG key -> serverName, value -> å°æ¸¸æ1æ 
2026-06-20 18:05:13 DEBUG key -> logserver.isOpen, value -> false 
2026-06-20 18:05:13 DEBUG key -> redis.port, value -> 6379 
2026-06-20 18:05:13 DEBUG key -> jmxPort, value -> 19301 
2026-06-20 18:05:13 DEBUG key -> redis.db, value -> 13 
2026-06-20 18:05:13 DEBUG key -> redis.timeout, value -> 5000 
2026-06-20 18:05:13 DEBUG key -> logserver.port, value -> 6000 
2026-06-20 18:05:13 DEBUG key -> jdbc.user, value -> root 
2026-06-20 18:05:13 DEBUG key -> keystorePass, value ->  
2026-06-20 18:05:13 DEBUG key -> characterEncoding, value -> UTF-8 
2026-06-20 18:05:13 DEBUG key -> logicRmi.port, value -> 17003 
2026-06-20 18:05:13 DEBUG key -> debug, value -> true 
2026-06-20 18:05:13 DEBUG key -> wss, value -> false 
2026-06-20 18:05:13 DEBUG key -> dataLocation, value -> cn 
2026-06-20 18:05:13 DEBUG key -> useUnicode, value -> true 
2026-06-20 18:05:13 DEBUG key -> redis.pass, value -> e5968b5bd4f916e4 
2026-06-20 18:05:13 DEBUG key -> jmxPass, value -> g6UoONwr6joi1ApG 
2026-06-20 18:05:13 DEBUG key -> appId, value -> 100962 
2026-06-20 18:05:13 DEBUG key -> jks, value -> sanguo-lb1.linlongyx.com 
2026-06-20 18:05:13 DEBUG key -> so.keepalive, value -> true 
2026-06-20 18:05:13 DEBUG key -> http.port, value -> 19268 
2026-06-20 18:05:13 DEBUG key -> jdbc.driverClassName, value -> com.mysql.jdbc.Driver 
2026-06-20 18:05:13 DEBUG key -> cchId, value -> 392 
2026-06-20 18:05:13 DEBUG key -> workerThreadCount, value -> 14 
2026-06-20 18:05:13 DEBUG key -> bossThreadCount, value -> 1 
2026-06-20 18:05:13 DEBUG key -> redis.host, value -> 127.0.0.1 
2026-06-20 18:05:13 DEBUG key -> logserver.host, value -> 127.0.0.1 
2026-06-20 18:05:13 DEBUG key -> openTime, value -> 2017-09-02 00:00:00 
2026-06-20 18:05:13 DEBUG key -> logserver.dataPath, value -> ./log 
2026-06-20 18:05:13 DEBUG key -> wordLocation, value -> cn 
2026-06-20 18:05:13 DEBUG key -> ws.port, value -> 19101 
2026-06-20 18:05:13 DEBUG key -> jdbc.password, value -> X7kR9mP2qN5wL8jZ 
2026-06-20 18:05:13 DEBUG key -> logicRmi.cmport, value -> 17004 
2026-06-20 18:05:13 DEBUG key -> path, value -> webgame/platform/ 
2026-06-20 18:05:13 DEBUG key -> rmi.url, value -> rmi://127.0.0.1:19850/crossRankRMI 
2026-06-20 18:05:13 DEBUG key -> tag, value -> 24b0d14d02f7970e270d2b70dfab4ea62fc2390a 
2026-06-20 18:05:13 DEBUG key -> logicRmi.host, value -> 127.0.0.1 
2026-06-20 18:05:13 DEBUG key -> jmxName, value -> llyx-sanguo 
2026-06-20 18:05:13 DEBUG key -> crossUrl, value -> wss://sanguo-lb1.linlongyx.com:5003/ws 
2026-06-20 18:05:13 DEBUG key -> redis.maxWait, value -> 10000 
2026-06-20 18:05:13 DEBUG key -> version, value -> 1.1000 
2026-06-20 18:05:13 DEBUG key -> httpSwitch, value -> false 
2026-06-20 18:05:13 DEBUG key -> ws, value -> true 
2026-06-20 18:05:13 DEBUG key -> logicRmi.serviceName, value -> crossRankLogicRMI 
2026-06-20 18:05:13 DEBUG key -> redis.maxIdle, value -> 300 
2026-06-20 18:05:14 INFO  {dataSource-1} inited
2026-06-20 18:05:14 INFO  Loaded JDBC driver: com.mysql.jdbc.Driver
2026-06-20 18:05:16 ERROR LogicRmiManager::publish rmi service url: {} rmi://127.0.0.1:17003/crossRankLogicRMI 
2026-06-20 18:05:23 ERROR ContinuityParameter {1={"actId":1,"startTime":1504818000,"endTime":1504904400,"closeTime":0}, 2={"actId":2,"startTime":1504558800,"endTime":1505163600,"closeTime":0}, 3={"actId":3,"startTime":1551733200,"endTime":1552337999,"closeTime":0}} 
2026-06-20 18:05:24 DEBUG {conn-10004, pstmt-20016} enter cache
2026-06-20 18:05:24 DEBUG {conn-10004, pstmt-20017} enter cache
2026-06-20 18:05:24 ERROR update group Pre:update tb_group set id=10000000000 + id where id != 0 and id<=10000000000; 
2026-06-20 18:05:24 ERROR update groupMember Pre:update tb_groupMember set id=10000000000 + id where id != 0 and id<=10000000000; 
2026-06-20 18:05:24 ERROR ArenaRankError 10001000255 10001000281 3001 
2026-06-20 18:05:24 ERROR ArenaRankError 10001000281 10001000292 3001 
2026-06-20 18:05:24 DEBUG server open days: 3214, rankAct id: 8, state: Expire 
2026-06-20 18:05:24 DEBUG server open days: 3214, rankAct id: 9, state: Expire 
2026-06-20 18:05:24 DEBUG server open days: 3214, rankAct id: 10, state: Expire 
2026-06-20 18:05:24 DEBUG server open days: 3214, rankAct id: 11, state: Expire 
2026-06-20 18:05:24 DEBUG server open days: 3214, rankAct id: 12, state: Expire 
2026-06-20 18:05:24 DEBUG server open days: 3214, rankAct id: 13, state: Expire 
2026-06-20 18:05:24 DEBUG server open days: 3214, rankAct id: 14, state: Expire 
2026-06-20 18:05:25 WARN  Unknown channel option 'SO_KEEPALIVE' for channel '[id: 0x821cb251]'
2026-06-20 18:05:25 WARN  Unknown channel option 'SO_KEEPALIVE' for channel '[id: 0x06d772d0]'
2026-06-20 18:05:25 INFO  Using default implementation for ThreadExecutor
2026-06-20 18:05:25 INFO  Initialized Scheduler Signaller of type: class org.quartz.core.SchedulerSignalerImpl
2026-06-20 18:05:25 INFO  Quartz Scheduler v.1.8.6 created.
2026-06-20 18:05:25 INFO  Registering Quartz Job Initialization Plug-in.
2026-06-20 18:05:25 INFO  RAMJobStore initialized.
2026-06-20 18:05:25 INFO  Scheduler meta-data: Quartz Scheduler (v1.8.6) 'AUTO' with instanceId 'NON_CLUSTERED'
  Scheduler class: 'org.quartz.core.QuartzScheduler' - running locally.
  NOT STARTED.
  Currently in standby mode.
  Number of jobs executed: 0
  Using thread pool 'org.quartz.simpl.SimpleThreadPool' - with 5 threads.
  Using job-store 'org.quartz.simpl.RAMJobStore' - which does not support persistence. and is not clustered.

2026-06-20 18:05:25 INFO  Quartz scheduler 'AUTO' initialized from default resource file in Quartz package: 'quartz.properties'
2026-06-20 18:05:25 INFO  Quartz scheduler version: 1.8.6
2026-06-20 18:05:25 DEBUG Utilizing schema packaged in local quartz distribution jar.
2026-06-20 18:05:25 INFO  Parsing XML file: quartz_jobs.xml with systemId: quartz_jobs.xml
2026-06-20 18:05:25 DEBUG Found 0 delete job group commands.
2026-06-20 18:05:25 DEBUG Found 0 delete trigger group commands.
2026-06-20 18:05:25 DEBUG Found 0 delete job commands.
2026-06-20 18:05:25 DEBUG Found 0 delete trigger commands.
2026-06-20 18:05:25 DEBUG Directive 'overwrite-existing-data' not specified, defaulting to true
2026-06-20 18:05:25 DEBUG Directive 'ignore-duplicates' not specified, defaulting to false
2026-06-20 18:05:26 DEBUG Found 1 job definitions.
2026-06-20 18:05:26 DEBUG Parsed job definition: JobDetail 'AUTO.JOBS':  jobClass: 'com.linlongyx.sanguo.webgame.quartz.QuartzJob isStateful: false isVolatile: false isDurable: false requestsRecovers: false
2026-06-20 18:05:26 DEBUG Found 11 trigger definitions.
2026-06-20 18:05:26 DEBUG Parsed trigger definition: Trigger 'DEFAULT.10000':  triggerClass: 'org.quartz.CronTrigger isVolatile: false calendar: 'null' misfireInstruction: 0 nextFireTime: null
2026-06-20 18:05:26 DEBUG Parsed trigger definition: Trigger 'DEFAULT.10001':  triggerClass: 'org.quartz.CronTrigger isVolatile: false calendar: 'null' misfireInstruction: 0 nextFireTime: null
2026-06-20 18:05:26 DEBUG Parsed trigger definition: Trigger 'DEFAULT.10002':  triggerClass: 'org.quartz.CronTrigger isVolatile: false calendar: 'null' misfireInstruction: 0 nextFireTime: null
2026-06-20 18:05:26 DEBUG Parsed trigger definition: Trigger 'DEFAULT.10010':  triggerClass: 'org.quartz.CronTrigger isVolatile: false calendar: 'null' misfireInstruction: 0 nextFireTime: null
2026-06-20 18:05:26 DEBUG Parsed trigger definition: Trigger 'DEFAULT.10011':  triggerClass: 'org.quartz.CronTrigger isVolatile: false calendar: 'null' misfireInstruction: 0 nextFireTime: null
2026-06-20 18:05:26 DEBUG Parsed trigger definition: Trigger 'DEFAULT.10012':  triggerClass: 'org.quartz.CronTrigger isVolatile: false calendar: 'null' misfireInstruction: 0 nextFireTime: null
2026-06-20 18:05:26 DEBUG Parsed trigger definition: Trigger 'DEFAULT.20001':  triggerClass: 'org.quartz.CronTrigger isVolatile: false calendar: 'null' misfireInstruction: 0 nextFireTime: null
2026-06-20 18:05:26 DEBUG Parsed trigger definition: Trigger 'DEFAULT.20003':  triggerClass: 'org.quartz.CronTrigger isVolatile: false calendar: 'null' misfireInstruction: 0 nextFireTime: null
2026-06-20 18:05:26 DEBUG Parsed trigger definition: Trigger 'DEFAULT.20004':  triggerClass: 'org.quartz.CronTrigger isVolatile: false calendar: 'null' misfireInstruction: 0 nextFireTime: null
2026-06-20 18:05:26 DEBUG Parsed trigger definition: Trigger 'DEFAULT.20005':  triggerClass: 'org.quartz.CronTrigger isVolatile: false calendar: 'null' misfireInstruction: 0 nextFireTime: null
2026-06-20 18:05:26 DEBUG Parsed trigger definition: Trigger 'DEFAULT.20006':  triggerClass: 'org.quartz.CronTrigger isVolatile: false calendar: 'null' misfireInstruction: 0 nextFireTime: null
2026-06-20 18:05:26 INFO  Adding 1 jobs, 11 triggers.
2026-06-20 18:05:26 INFO  Adding job: AUTO.JOBS
2026-06-20 18:05:26 DEBUG Scheduling job: AUTO.JOBS with trigger: DEFAULT.10000
2026-06-20 18:05:26 DEBUG Scheduling job: AUTO.JOBS with trigger: DEFAULT.10001
2026-06-20 18:05:26 DEBUG Scheduling job: AUTO.JOBS with trigger: DEFAULT.10002
2026-06-20 18:05:26 DEBUG Scheduling job: AUTO.JOBS with trigger: DEFAULT.10010
2026-06-20 18:05:26 DEBUG Scheduling job: AUTO.JOBS with trigger: DEFAULT.10011
2026-06-20 18:05:26 DEBUG Scheduling job: AUTO.JOBS with trigger: DEFAULT.10012
2026-06-20 18:05:26 DEBUG Scheduling job: AUTO.JOBS with trigger: DEFAULT.20001
2026-06-20 18:05:26 DEBUG Scheduling job: AUTO.JOBS with trigger: DEFAULT.20003
2026-06-20 18:05:26 DEBUG Scheduling job: AUTO.JOBS with trigger: DEFAULT.20004
2026-06-20 18:05:26 DEBUG Scheduling job: AUTO.JOBS with trigger: DEFAULT.20005
2026-06-20 18:05:26 DEBUG Scheduling job: AUTO.JOBS with trigger: DEFAULT.20006
2026-06-20 18:05:26 INFO  Scheduler AUTO_$_NON_CLUSTERED started.
2026-06-20 18:05:26 DEBUG Reading descriptors ( dom ) 23
2026-06-20 18:05:26 DEBUG Using existing MBeanServer 0
2026-06-20 18:05:26 DEBUG default constructor
2026-06-20 18:05:26 DEBUG preRegister com.linlongyx.sanguo.webgame.service.LookUpService@238b521e onlineNum:Click=ShowDetail
2026-06-20 18:05:26 DEBUG default constructor
2026-06-20 18:05:26 DEBUG preRegister com.linlongyx.sanguo.webgame.service.JsonTableService@1b39fd82 reload:Click=reloadJson
2026-06-20 18:05:26 DEBUG default constructor
2026-06-20 18:05:26 DEBUG preRegister com.linlongyx.core.utils.ChatUtil@3e2fc448 reload:Click=reloadSensitive
2026-06-20 18:05:26 ERROR Started version:  110000 
2026-06-20 18:05:26 DEBUG Checking for available updated version of Quartz...
2026-06-20 18:05:27 DEBUG Quartz version update check failed: Server returned HTTP response code: 403 for URL: http://www.terracotta.org/kit/reflector?kitID=quartz&pageID=update.properties&id=-1062731413&os-name=Windows+10&jvm-name=Java+HotSpot%28TM%29+64-Bit+Server+VM&jvm-version=1.8.0_181&platform=amd64&tc-version=1.8.6&tc-product=Quartz&source=Quartz&uptime-secs=1&patch=UNKNOWN
2026-06-20 18:05:30 DEBUG Producing instance of Job 'AUTO.JOBS', class=com.linlongyx.sanguo.webgame.quartz.QuartzJob
2026-06-20 18:05:30 DEBUG Calling execute on job AUTO.JOBS
2026-06-20 18:05:30 INFO  触发cmd：20005
2026-06-20 18:06:00 DEBUG Producing instance of Job 'AUTO.JOBS', class=com.linlongyx.sanguo.webgame.quartz.QuartzJob
2026-06-20 18:06:00 DEBUG Calling execute on job AUTO.JOBS
2026-06-20 18:06:00 INFO  触发cmd：20005
2026-06-20 18:06:30 DEBUG Producing instance of Job 'AUTO.JOBS', class=com.linlongyx.sanguo.webgame.quartz.QuartzJob
2026-06-20 18:06:30 DEBUG Calling execute on job AUTO.JOBS
2026-06-20 18:06:30 INFO  触发cmd：20005
2026-06-20 18:07:00 DEBUG Producing instance of Job 'AUTO.JOBS', class=com.linlongyx.sanguo.webgame.quartz.QuartzJob
2026-06-20 18:07:00 DEBUG Calling execute on job AUTO.JOBS
2026-06-20 18:07:00 INFO  触发cmd：20005
2026-06-20 18:07:04 ERROR rankBossTimeOut 1001 
2026-06-20 18:07:30 DEBUG Producing instance of Job 'AUTO.JOBS', class=com.linlongyx.sanguo.webgame.quartz.QuartzJob
2026-06-20 18:07:30 DEBUG Calling execute on job AUTO.JOBS
2026-06-20 18:07:30 INFO  触发cmd：20005
2026-06-20 18:08:00 DEBUG Producing instance of Job 'AUTO.JOBS', class=com.linlongyx.sanguo.webgame.quartz.QuartzJob
2026-06-20 18:08:00 DEBUG Calling execute on job AUTO.JOBS
2026-06-20 18:08:00 INFO  触发cmd：20005
2026-06-20 18:08:04 ERROR rankBossReBorn 1001 
2026-06-20 18:08:13 INFO  初始化 消息处理器成功
2026-06-20 18:08:14 ERROR LoginInfoProcessor::handleRequest 7 10000 0 
2026-06-20 18:08:30 DEBUG Producing instance of Job 'AUTO.JOBS', class=com.linlongyx.sanguo.webgame.quartz.QuartzJob
2026-06-20 18:08:30 DEBUG Calling execute on job AUTO.JOBS
2026-06-20 18:08:30 INFO  触发cmd：20005
2026-06-20 18:08:30 INFO  log_new_player_scene|10000|7|0|1|2026-06-20 18:08:30|2026-06-20 18:08:30
2026-06-20 18:08:30 ERROR EnterGameProcessor::handleRequest userId: 7 playerId: 0 request.playerId: 10000000007 nanoTime: 104909765662100 
2026-06-20 18:08:31 ERROR RankActUtil addRankValue 10000000007 14 221 
2026-06-20 18:08:31 ERROR RankActUtil end 10000000007 14 221 
2026-06-20 18:08:32 DEBUG skip not validate connection.
2026-06-20 18:08:32 ERROR Send errorCode:10061, responseId:24201 
2026-06-20 18:08:32 DEBUG default constructor
2026-06-20 18:08:32 DEBUG preRegister RechargeRebateComponent:;<br>DestinyComponent:DestinyEntity{playerId=10000000007, attacks=[], defenses=[], battles={}, robTimes=6, totalRobTimes=0, refreshTimes=0, tasks=[], destinyStone=0, lastResetTime=1781968111};<br>ChatComponent:;<br>MountsComponent:;<br>CrossRankActComponent:;<br>TowerComponent:TowerEntity{playerId=10000000007, curLayers=0, preLayers=0, todayNormalReward=0, todayCCYReward=0, passTime=0, actPlayTime={}, mobai=1, needSend=0, records=[]};<br>ArenaComponent:ArenaEntity{playerId=10000000007, rank=3001, maxRank=0, reports=[], fightTimes=0, lastTime=0, buyTimes=0, eliminateTimes=0, totalFightTimes=0};<br>TurnplateComponent:;<br>InvitationComponent:ExtendEntity{playerId=10000000007, recruitInvitation=false, wxInfo=[], levelRewards={}, chargeRewards={}, normalRewards=[], invitationNum=0, invitationTotal=0, nextTime=0, levelNumMap={}, numMap={}};<br>CrossRaceComponent:com.linlongyx.sanguo.webgame.app.crossRace.CrossRaceEntity$$EnhancerByCGLIB$$f8680dfd@6ed76bb8;<br>GroupMemberComponent:GroupMemberEntity{playerId=10000000007, id=0, position=0, applySet=[], totalOffer=0, sacrificeBox=[], sacrificeType=0, skills={}, listOpen=false, playerRewards={}, fightTimes=0, lastResettime=0, totalTimes=0};<br>PartnerComponent:;<br>SanGuoZhiComponent:;<br>ContinuityComponent:;<br>ArtifactComponent:;<br>UnparalleledComponent:UnparalleledEntity{playerId=10000000007, partneredHpMap={}, resetTimes=0, buffs=[], layerAddition=[], curPoint=0, maxPoint=0, challengeNum=0, currMaxStar=0, surpStar=0, playedPoints={}, layerBox=[], lastMaxStar=0, battlePartner=[], sweep=false, insMap={}, lastPassTime=0, lastMaxRank=0, totalResetTimes=0, attrsList={}, levelMap={}};<br>BossHomeComponent:BossHomeEntity{playerId=10000000007, counts={}, times={}, restores={}, buys={}, worldRewards=[], bossNeedNotice=[], teamFightTimes=0, totalFightTimes=0, alienCount=0, buyAlienCount=0, totalNeutralBoss=0};<br>StageComponent:;<br>SingleInsComponent:SingleInsEntity{playerId=10000000007, times={}, maxPoints={}, clears=[], totalTime=0, bossMap={}, timesMap={}, buyTimeMap={}, totalChallengeMap={}, vipSweepTimes={}, kfHandbook={}, stageHandbook={}, zfHandbook={}, actPlayTime={}};<br>RuneComponent:RuneEntity{playerId=10000000007, runeMidInit=0, goldEndTime=0, runeMap={}, totalZhuHun=0, talismanTurn=0, tatalArtificeTimes=0, point=0, times=0, hp=3, records=[], lastRecoverTime=0, dailyReward={}, stageReward={}};<br>KungFuComponent:;<br>DivineComponent:;<br>SecretiComponent:com.linlongyx.sanguo.webgame.app.secreti.SecretiEntity$$EnhancerByCGLIB$$d50cf76d@46baa172;<br>RankActComponent:RankActEntity{playerId=10000000007, id=11, value=0, open=false}RankActEntity{playerId=10000000007, id=12, value=0, open=false}RankActEntity{playerId=10000000007, id=13, value=0, open=false}RankActEntity{playerId=10000000007, id=14, value=0, open=false}RankActEntity{playerId=10000000007, id=8, value=0, open=false}RankActEntity{playerId=10000000007, id=9, value=0, open=false}RankActEntity{playerId=10000000007, id=10, value=0, open=false};<br>DrawCardComponent:;<br>MentalComponent:MentalEntity{playerId=10000000007, times=0, totalTimes=0, freeTime=0, rewardIds=[], point=0, records=[]};<br>FashionComponent:;<br>ZodiacComponent:;<br>WarLineupComponent:;<br>SignComponent:SignEntity{playerId=10000000007signToday=falsesignCount=0weekCharge=0dayCharge=0todayReward=[]weekReward=[]signReward={}levelMap={}timeMap={}showLevel=90};<br>SkillComponent:;<br>BaguaComponent:BaguaEntity{playerId=10000000007, chapterMap={}, curInsId=0, insIdMap={}, asistTime=0, sweep=0};<br>RuneBagComponent:;<br>ConsumeRebateComponent:;<br>RecruitComponent:RecruitEntity{playerId=10000000007, nextFreeTime=1781968111, currFreeCount=3, recruitTimes=0, time=0, ccyRecruitTimes=0, totalRecruitTimes=0, score=0, boxList=[], free=0, today=[2], tommorow=[1], refreshNum=0, tenCCYRecruit=0, firstGetList=[{"key":211502,"value":3,"valueStr":"2"}, {"key":213401,"value":3,"valueStr":"2"}, {"key":214506,"value":5,"valueStr":"2"}, {"key":213404,"value":10,"valueStr":"2"}, {"key":213503,"value":3,"valueStr":"2"}, {"key":213505,"value":3,"valueStr":"2"}, {"key":214502,"value":3,"valueStr":"2"}, {"key":212401,"value":5,"valueStr":"2"}, {"key":211402,"value":5,"valueStr":"2"}, {"key":4504,"value":1,"valueStr":"4"}], rebateScore=0, rebateReward={}, endTime=0, goldScore=0, goldBoxList=[], goldFree=0, goldToday=[], goldTommorow=[], goldRefreshNum=0, goldRecruitTimes=0};<br>PlayerComponent:PlayerEntity{playerId=10000000007, userId=7, playerName='ragezonex', level=1, sex=1, sceneId=30101, head='sex:1:', currencies=[0, 0, 0, 0, 0, 0, 0, 0, 0, 0, 0, 0, 0, 0, 0, 0, 0, 0, 0], fighters=[-1, 0, 0, 0, 0, 0], createTime=1781968110, mailIdCount=0, pubIdCount=2101, status={}, breakthroughs=0, talents=[], desLv=0, desProgress=0, stars=0, equips={1=0, 2=0, 3=0, 4=0, 5=0, 6=0}, vip=10, vipReward=[], loginOutTime=1781968110, leaderId=101, fightValue=221, totalValue=221, quality=40, worships=[], isWorship=[0, 0, 0, 0, 0, 0, 0, 0, 0, 0], activeTitles={}, wearTitle=0, wearFashion=0, onlineTime=0, onlineReward=[], todayLevel=1, firstHand=0, soulLevel=0, soulsFighter=[], talisman=0, reincarnationMap={}, reincarnationIds=[]};<br>FriendComponent:FriendEntity{playerId=10000000007, ids=[], applyMap={}, chatMap={}, sendIds=[], needReceiveIds=[], receivedIds=[], totalSendCount=0, favors={}, offlineReceiveIds=[]};<br>LimitExchangeComponent:limitexchangeEntity{playerId=10000000007, id=1, limitExchangeGoods={}, open=false}limitexchangeEntity{playerId=10000000007, id=2, limitExchangeGoods={}, open=false}limitexchangeEntity{playerId=10000000007, id=1006, limitExchangeGoods={}, open=false}limitexchangeEntity{playerId=10000000007, id=3, limitExchangeGoods={}, open=false}limitexchangeEntity{playerId=10000000007, id=1005, limitExchangeGoods={}, open=false}limitexchangeEntity{playerId=10000000007, id=4, limitExchangeGoods={}, open=false}limitexchangeEntity{playerId=10000000007, id=1004, limitExchangeGoods={}, open=false}limitexchangeEntity{playerId=10000000007, id=5, limitExchangeGoods={}, open=false}limitexchangeEntity{playerId=10000000007, id=1003, limitExchangeGoods={}, open=false}limitexchangeEntity{playerId=10000000007, id=6, limitExchangeGoods={}, open=false}limitexchangeEntity{playerId=10000000007, id=1002, limitExchangeGoods={}, open=false}limitexchangeEntity{playerId=10000000007, id=1001, limitExchangeGoods={}, open=false};<br>GeneralComponent:GeneralEntity{playerId=10000000007, challenges={}, resetTimes={}, stars={}, boxReward={}, allStar=0, costOrder=0, restore=0, nextTime=0, buyTime=0, totalNum=0, assistInBattle=[], difficultyStar=0, nightmareStar=0, diffboxReward={}, nightboxReward={}};<br>LimitBuyComponent:;<br>MailComponent:;<br>MilitaryOfficeComponent:MilitaryOfficeEntity{playerId=10000000007officeList={}currJobId=0endTime=0status=0officeHelpTimes=0helpList={}helpTimeAdd=0generalRecovery=0typeMap={}currJobHelped=0};<br>TaskComponent:TaskEntity{playerId=10000000007, id=1, schedule=0, chapterReward={}, insMap={}, point=0, dailyProcess={24=1}, dailyDone=[24], dailyReward=[], pointReward=[], chapter=0, guideId=0, fixedStatus=0, firstFail=0, askReward={}, follow=0, realName=false, channelGift={}, channelTime={}, platformReward={}, previewValue={}, previewReward=[], findRewardMax={}};<br>RechargeActivityComponent:;<br>ExtendComponent:ExtendEntity{playerId=10000000007, battleMaxCount=0, totalCurrency={}, consumeCurrency={}, bagSize=100, offlineSec=1, handbookMap={}, zeroResetDate=20260620, weekResetTime=1781470800, combatTimes=0, combatCostTimes=0, wpHandbook={}, equipId=0, functionIds=[38, 72, 9801, 1001, 9802, 31], partnerId=0, firstReChargeSet=[], firstReward=[], todayRecharge=0, speedRadio=0, totalChangeBoss=0, totalChargeCCB=0, totalComPartner=0, newFirstReward=[], newFirstCharge=[], groupReward={}, wanderReward={}, lastWanderReward=[], wanderEndtime=0, choose=false, skipTimes=0, todayFirstCharge=0, todayFirstReward={}, dailyConsume=0, buyGoldTimes=0, buyGoldCost=0, questionnaire=[], clientSets='', shortCut=0};<br>UserComponent:UserEntity{userId=7, userName='', channel=1, token='bfe2407374fc5f46f3c50c81684195dc', players=[{"playerId":10000000007,"sex":1,"name":"ragezonex"}], lastLoginTime=0, accountId=0, openid='null', orderByPlayerId='0', uid=''};<br>LimitComponent:LimitEntity{playerId=10000000007, id=33, rewardCounts={}, values={}, states={}, dateCharges={}, consumeValue=0, open=false, chargeValue=0, loginDay=0, loginTime=0}LimitEntity{playerId=10000000007, id=45, rewardCounts={}, values={}, states={}, dateCharges={}, consumeValue=0, open=false, chargeValue=0, loginDay=0, loginTime=0}LimitEntity{playerId=10000000007, id=13, rewardCounts={}, values={}, states={}, dateCharges={}, consumeValue=0, open=false, chargeValue=0, loginDay=0, loginTime=0}LimitEntity{playerId=10000000007, id=25, rewardCounts={}, values={}, states={}, dateCharges={}, consumeValue=0, open=false, chargeValue=0, loginDay=0, loginTime=0}LimitEntity{playerId=10000000007, id=37, rewardCounts={}, values={}, states={}, dateCharges={}, consumeValue=0, open=false, chargeValue=0, loginDay=0, loginTime=0}LimitEntity{playerId=10000000007, id=49, rewardCounts={}, values={}, states={}, dateCharges={}, consumeValue=0, open=false, chargeValue=0, loginDay=0, loginTime=0}LimitEntity{playerId=10000000007, id=17, rewardCounts={}, values={}, states={}, dateCharges={}, consumeValue=0, open=false, chargeValue=0, loginDay=0, loginTime=0}LimitEntity{playerId=10000000007, id=29, rewardCounts={}, values={}, states={}, dateCharges={}, consumeValue=0, open=false, chargeValue=0, loginDay=0, loginTime=0}LimitEntity{playerId=10000000007, id=1, rewardCounts={}, values={}, states={}, dateCharges={}, consumeValue=0, open=false, chargeValue=0, loginDay=0, loginTime=0}LimitEntity{playerId=10000000007, id=10009, rewardCounts={}, values={}, states={}, dateCharges={}, consumeValue=0, open=false, chargeValue=0, loginDay=0, loginTime=0}LimitEntity{playerId=10000000007, id=5, rewardCounts={}, values={}, states={}, dateCharges={}, consumeValue=0, open=false, chargeValue=0, loginDay=0, loginTime=0}LimitEntity{playerId=10000000007, id=6, rewardCounts={}, values={}, states={}, dateCharges={}, consumeValue=0, open=false, chargeValue=0, loginDay=0, loginTime=0}LimitEntity{playerId=10000000007, id=10021, rewardCounts={}, values={}, states={}, dateCharges={}, consumeValue=0, open=false, chargeValue=0, loginDay=0, loginTime=0}LimitEntity{playerId=10000000007, id=9, rewardCounts={}, values={}, states={}, dateCharges={}, consumeValue=0, open=false, chargeValue=0, loginDay=0, loginTime=0}LimitEntity{playerId=10000000007, id=10013, rewardCounts={}, values={}, states={}, dateCharges={}, consumeValue=0, open=false, chargeValue=0, loginDay=0, loginTime=0}LimitEntity{playerId=10000000007, id=10001, rewardCounts={}, values={}, states={}, dateCharges={}, consumeValue=0, open=false, chargeValue=0, loginDay=0, loginTime=0}LimitEntity{playerId=10000000007, id=41, rewardCounts={}, values={}, states={}, dateCharges={}, consumeValue=0, open=false, chargeValue=0, loginDay=0, loginTime=0}LimitEntity{playerId=10000000007, id=10025, rewardCounts={}, values={}, states={}, dateCharges={}, consumeValue=0, open=false, chargeValue=0, loginDay=0, loginTime=0}LimitEntity{playerId=10000000007, id=53, rewardCounts={}, values={}, states={}, dateCharges={}, consumeValue=0, open=false, chargeValue=0, loginDay=0, loginTime=0}LimitEntity{playerId=10000000007, id=10017, rewardCounts={}, values={}, states={}, dateCharges={}, consumeValue=0, open=false, chargeValue=0, loginDay=0, loginTime=0}LimitEntity{playerId=10000000007, id=10005, rewardCounts={}, values={}, states={}, dateCharges={}, consumeValue=0, open=false, chargeValue=0, loginDay=0, loginTime=0}LimitEntity{playerId=10000000007, id=21, rewardCounts={}, values={}, states={}, dateCharges={}, consumeValue=0, open=false, chargeValue=0, loginDay=0, loginTime=0};<br>TalismanComponent:;<br>LuckyMoneyComponent:;<br>EquipComponent:;<br>YearBeastComponent:;<br>ShopComponent:ShopEntity{playerId=10000000007, goodsType=11, refreshTime=0, sells={}, ids=[11001, 11002, 11003, 11004, 11005, 11006, 11007, 11008, 11009, 11010, 11011, 11012, 11013, 11014, 11015, 11016, 11017, 11018, 11019, 11020, 11021, 11022, 11023, 11024], refreshNum=0, totalSells={}, weekSells={}, actId=0, activitySells={}, currStock={}}ShopEntity{playerId=10000000007, goodsType=12, refreshTime=0, sells={}, ids=[3501, 3502, 3503, 3504, 3505, 3506, 3507, 3508, 3509, 3510, 3511, 3512, 3513, 3514, 3515, 3516, 3517, 3518, 3519, 3520, 3521], refreshNum=0, totalSells={}, weekSells={}, actId=0, activitySells={}, currStock={}}ShopEntity{playerId=10000000007, goodsType=13, refreshTime=0, sells={}, ids=[], refreshNum=0, totalSells={}, weekSells={}, actId=0, activitySells={}, currStock={}}ShopEntity{playerId=10000000007, goodsType=14, refreshTime=0, sells={}, ids=[3013, 3014, 3015, 3016, 3017, 3018, 3019, 3020, 3021, 3022, 3023, 3024], refreshNum=0, totalSells={}, weekSells={}, actId=0, activitySells={}, currStock={}}ShopEntity{playerId=10000000007, goodsType=15, refreshTime=0, sells={}, ids=[15001, 15002, 15003, 15004], refreshNum=0, totalSells={}, weekSells={}, actId=0, activitySells={}, currStock={}}ShopEntity{playerId=10000000007, goodsType=16, refreshTime=0, sells={}, ids=[16001, 16004, 16005, 16006], refreshNum=0, totalSells={}, weekSells={}, actId=0, activitySells={}, currStock={}}ShopEntity{playerId=10000000007, goodsType=17, refreshTime=0, sells={}, ids=[], refreshNum=0, totalSells={}, weekSells={}, actId=0, activitySells={}, currStock={}}ShopEntity{playerId=10000000007, goodsType=1, refreshTime=0, sells={}, ids=[1001, 1002, 1003, 1004, 1006, 1007, 1008, 1009, 1010, 1011, 1012, 1013, 1014, 1015, 1016, 1017, 1018, 1019, 1020, 1021], refreshNum=0, totalSells={}, weekSells={}, actId=0, activitySells={}, currStock={}}ShopEntity{playerId=10000000007, goodsType=100, refreshTime=1781974800, sells={}, ids=[1, 7, 12, 22, 83, 102], refreshNum=0, totalSells={}, weekSells={}, actId=0, activitySells={}, currStock={}}ShopEntity{playerId=10000000007, goodsType=2, refreshTime=0, sells={}, ids=[], refreshNum=0, totalSells={}, weekSells={}, actId=0, activitySells={}, currStock={}}ShopEntity{playerId=10000000007, goodsType=3, refreshTime=0, sells={}, ids=[3003, 3004, 3005, 3006, 3007, 3008, 3009, 3010, 3011, 3012], refreshNum=0, totalSells={}, weekSells={}, actId=0, activitySells={}, currStock={}}ShopEntity{playerId=10000000007, goodsType=4, refreshTime=0, sells={}, ids=[4001, 4002, 4003, 4004, 4005, 4006, 4007], refreshNum=0, totalSells={}, weekSells={}, actId=0, activitySells={}, currStock={}}ShopEntity{playerId=10000000007, goodsType=5, refreshTime=0, sells={}, ids=[5001, 5002, 5003, 5004, 5005, 5006, 5007, 5008, 5009, 5010, 5011, 5012, 5013, 5014, 5015, 5016, 5017, 5018, 5019, 5020, 5021, 5022, 5023], refreshNum=0, totalSells={}, weekSells={}, actId=0, activitySells={}, currStock={}}ShopEntity{playerId=10000000007, goodsType=6, refreshTime=0, sells={}, ids=[6001, 6002, 6003, 6004], refreshNum=0, totalSells={}, weekSells={}, actId=0, activitySells={}, currStock={}}ShopEntity{playerId=10000000007, goodsType=7, refreshTime=0, sells={}, ids=[7001, 7002, 7003, 7004, 7005, 7006, 7007, 7008, 7009, 7010, 7011, 7012, 7013, 7014, 7015, 7016, 7017, 7018, 7019], refreshNum=0, totalSells={}, weekSells={}, actId=0, activitySells={}, currStock={}}ShopEntity{playerId=10000000007, goodsType=8, refreshTime=0, sells={}, ids=[8001, 8002, 8003, 8004, 8005, 8006, 8007, 8008, 8009, 8010, 8011, 8012, 8013, 8014, 8015, 8016, 8017, 8018, 8019, 8020, 8021, 8022], refreshNum=0, totalSells={}, weekSells={}, actId=0, activitySells={}, currStock={}}ShopEntity{playerId=10000000007, goodsType=9, refreshTime=0, sells={}, ids=[9001, 9002, 9003, 9004, 9005, 9006, 9007, 9008, 9009, 9010, 9011, 9012, 9013, 9014, 9015, 9016, 9017], refreshNum=0, totalSells={}, weekSells={}, actId=0, activitySells={}, currStock={}}ShopEntity{playerId=10000000007, goodsType=10, refreshTime=0, sells={}, ids=[10001, 10002, 10003, 10004, 10005, 10006, 10007, 10008, 10009, 10010, 10011, 10012, 10013, 10014, 10015, 10016, 10017, 10018, 10019, 10020, 10021], refreshNum=0, totalSells={}, weekSells={}, actId=0, activitySells={}, currStock={}};<br>BagComponent:;<br>CardBookComponent:CardBookEntity{cardColor={}lastCardColor={}bottomCardAsk=0colorDanAsk=0lastToColor=0refToColor=0cardPair={}processMap={}giveTimes=0nextAskTime=0infoId=0endTime={}getGive={}itemAsk={}colorTime=0};<br>AchieveComponent:AchieveEntity{playerId=10000000007, value={1072=3001, 1073=3001, 1067=3001, 1068=3001, 1069=3001, 1070=3001, 1071=3001}, fameDone=[], fameReward=[], processReward=[], point=0};<br>WelfareComponent:WelfareEntity{playerId=10000000007, vipDailySet=[], vipWeekTime=1781968112, vipWeekLevel=79, vipWeekGoods={1=0, 2=0, 3=0, 4=0}, vipGiftGoods={}, monthEndTime={}, monthGetTime={}, buyFund=false, fundReward={}, dailyBuyReward={}, oneBuyCharge=0, oneBuyReward={}, gerenalGift=[], oneState=0, times=0, id=0, dailyHaoLi={}, backGiftId=0};<br>WarPetComponent:;<br>SoulsComponent:;<br> player:playerId=10000000007ragezonex
2026-06-20 18:08:32 ERROR repair11190 10000000007 0 
2026-06-20 18:08:32 ERROR repair11200 10000000007 
2026-06-20 18:08:32 ERROR repair11230 10000000007 
2026-06-20 18:08:32 ERROR repair11330 10000000007 0 
2026-06-20 18:08:32 ERROR repair11335 10000000007 0 
2026-06-20 18:08:32 ERROR repair11350 10000000007 0 
2026-06-20 18:08:32 ERROR repair11360 10000000007 
2026-06-20 18:08:32 ERROR repair11360 10000000007 
2026-06-20 18:08:32 INFO  log_currency|10000|7|10000000007|1|11|0|0|2026-06-20 18:08:32|1|1
2026-06-20 18:08:32 ERROR repair11380 10000000007 
2026-06-20 18:08:44 ERROR rankBossTimeOut 1002 
2026-06-20 18:09:00 DEBUG Producing instance of Job 'AUTO.JOBS', class=com.linlongyx.sanguo.webgame.quartz.QuartzJob
2026-06-20 18:09:00 DEBUG Calling execute on job AUTO.JOBS
2026-06-20 18:09:00 INFO  触发cmd：20005
2026-06-20 18:09:06 INFO  log_level|10000|7|10000000007|1|2|2026-06-20 18:09:06
2026-06-20 18:09:06 ERROR RankActUtil addRankValue 10000000007 14 563 
2026-06-20 18:09:06 ERROR RankActUtil end 10000000007 14 563 
2026-06-20 18:09:30 DEBUG Producing instance of Job 'AUTO.JOBS', class=com.linlongyx.sanguo.webgame.quartz.QuartzJob
2026-06-20 18:09:30 DEBUG Calling execute on job AUTO.JOBS
2026-06-20 18:09:30 INFO  触发cmd：20005
2026-06-20 18:09:44 ERROR rankBossTimeOut 1001 
2026-06-20 18:10:00 DEBUG Producing instance of Job 'AUTO.JOBS', class=com.linlongyx.sanguo.webgame.quartz.QuartzJob
2026-06-20 18:10:00 DEBUG Calling execute on job AUTO.JOBS
2026-06-20 18:10:00 DEBUG Producing instance of Job 'AUTO.JOBS', class=com.linlongyx.sanguo.webgame.quartz.QuartzJob
2026-06-20 18:10:00 DEBUG Calling execute on job AUTO.JOBS
2026-06-20 18:10:00 INFO  触发cmd：20003
2026-06-20 18:10:00 INFO  触发cmd：20005
2026-06-20 18:10:00 ERROR destiny rank refresh 
2026-06-20 18:10:24 ERROR rankBossTimeOut 1003 
2026-06-20 18:10:30 DEBUG Producing instance of Job 'AUTO.JOBS', class=com.linlongyx.sanguo.webgame.quartz.QuartzJob
2026-06-20 18:10:30 DEBUG Calling execute on job AUTO.JOBS
2026-06-20 18:10:30 INFO  触发cmd：20005
2026-06-20 18:10:44 ERROR rankBossReBorn 1001 
2026-06-20 18:11:00 DEBUG Producing instance of Job 'AUTO.JOBS', class=com.linlongyx.sanguo.webgame.quartz.QuartzJob
2026-06-20 18:11:00 DEBUG Calling execute on job AUTO.JOBS
2026-06-20 18:11:00 INFO  触发cmd：20005
2026-06-20 18:11:14 ERROR rankBossReBorn 1002 
2026-06-20 18:11:30 DEBUG Producing instance of Job 'AUTO.JOBS', class=com.linlongyx.sanguo.webgame.quartz.QuartzJob
2026-06-20 18:11:30 DEBUG Calling execute on job AUTO.JOBS
2026-06-20 18:11:30 INFO  触发cmd：20005
2026-06-20 18:12:00 DEBUG Producing instance of Job 'AUTO.JOBS', class=com.linlongyx.sanguo.webgame.quartz.QuartzJob
2026-06-20 18:12:00 DEBUG Calling execute on job AUTO.JOBS
2026-06-20 18:12:00 INFO  触发cmd：20005
2026-06-20 18:12:20 ERROR 消息处理出错，code:10204, msg:{"type":1,"id":"30101"}
2026-06-20 18:12:20 ERROR 
java.lang.NullPointerException
	at com.linlongyx.sanguo.webgame.common.fight.fighter.AbstractFighter.initGuid(AbstractFighter.java:432)
	at com.linlongyx.sanguo.webgame.common.fight.side.FightGroup.init(FightGroup.java:72)
	at com.linlongyx.sanguo.webgame.common.fight.side.AbstractFightSide.lambda$initGuid$0(AbstractFightSide.java:82)
	at java.util.ArrayList.forEach(ArrayList.java:1257)
	at com.linlongyx.sanguo.webgame.common.fight.side.AbstractFightSide.initGuid(AbstractFightSide.java:82)
	at com.linlongyx.sanguo.webgame.common.fight.AbstractFight.init(AbstractFight.java:175)
	at com.linlongyx.sanguo.webgame.common.fight.type.InstanceFight.start(InstanceFight.java:55)
	at com.linlongyx.sanguo.webgame.processors.fight.FightRecordProcessor.handleMainIns(FightRecordProcessor.java:159)
	at com.linlongyx.sanguo.webgame.processors.fight.FightRecordProcessor.handleRequest(FightRecordProcessor.java:94)
	at com.linlongyx.sanguo.webgame.processors.fight.FightRecordProcessor.handleRequest(FightRecordProcessor.java:81)
	at com.linlongyx.core.framework.base.ProcessorBase.process(ProcessorBase.java:47)
	at com.linlongyx.core.framework.base.ProcessorBase.handle(ProcessorBase.java:38)
	at com.linlongyx.sanguo.webgame.processors.MsgDispatcher.dispatch(MsgDispatcher.java:195)
	at com.linlongyx.sanguo.webgame.net.handler.WSServerHandler.handleWebSocketFrame(WSServerHandler.java:146)
	at com.linlongyx.sanguo.webgame.net.handler.WSServerHandler.channelRead0(WSServerHandler.java:77)
	at com.linlongyx.sanguo.webgame.net.handler.WSServerHandler.channelRead0(WSServerHandler.java:35)
	at io.netty.channel.SimpleChannelInboundHandler.channelRead(SimpleChannelInboundHandler.java:105)
	at io.netty.channel.AbstractChannelHandlerContext.invokeChannelRead(AbstractChannelHandlerContext.java:363)
	at io.netty.channel.AbstractChannelHandlerContext.invokeChannelRead(AbstractChannelHandlerContext.java:349)
	at io.netty.channel.AbstractChannelHandlerContext.fireChannelRead(AbstractChannelHandlerContext.java:341)
	at io.netty.handler.timeout.IdleStateHandler.channelRead(IdleStateHandler.java:287)
	at io.netty.channel.AbstractChannelHandlerContext.invokeChannelRead(AbstractChannelHandlerContext.java:363)
	at io.netty.channel.AbstractChannelHandlerContext.invokeChannelRead(AbstractChannelHandlerContext.java:349)
	at io.netty.channel.AbstractChannelHandlerContext.fireChannelRead(AbstractChannelHandlerContext.java:341)
	at io.netty.handler.codec.MessageToMessageDecoder.channelRead(MessageToMessageDecoder.java:102)
	at io.netty.channel.AbstractChannelHandlerContext.invokeChannelRead(AbstractChannelHandlerContext.java:363)
	at io.netty.channel.AbstractChannelHandlerContext.invokeChannelRead(AbstractChannelHandlerContext.java:349)
	at io.netty.channel.AbstractChannelHandlerContext.fireChannelRead(AbstractChannelHandlerContext.java:341)
	at io.netty.channel.ChannelInboundHandlerAdapter.channelRead(ChannelInboundHandlerAdapter.java:86)
	at io.netty.handler.codec.http.websocketx.Utf8FrameValidator.channelRead(Utf8FrameValidator.java:77)
	at io.netty.channel.AbstractChannelHandlerContext.invokeChannelRead(AbstractChannelHandlerContext.java:363)
	at io.netty.channel.AbstractChannelHandlerContext.invokeChannelRead(AbstractChannelHandlerContext.java:349)
	at io.netty.channel.AbstractChannelHandlerContext.fireChannelRead(AbstractChannelHandlerContext.java:341)
	at io.netty.handler.codec.http.websocketx.WebSocketServerProtocolHandler$1.channelRead(WebSocketServerProtocolHandler.java:203)
	at io.netty.channel.AbstractChannelHandlerContext.invokeChannelRead(AbstractChannelHandlerContext.java:363)
	at io.netty.channel.AbstractChannelHandlerContext.invokeChannelRead(AbstractChannelHandlerContext.java:349)
	at io.netty.channel.AbstractChannelHandlerContext.fireChannelRead(AbstractChannelHandlerContext.java:341)
	at io.netty.handler.codec.MessageToMessageDecoder.channelRead(MessageToMessageDecoder.java:102)
	at io.netty.channel.AbstractChannelHandlerContext.invokeChannelRead(AbstractChannelHandlerContext.java:363)
	at io.netty.channel.AbstractChannelHandlerContext.invokeChannelRead(AbstractChannelHandlerContext.java:349)
	at io.netty.channel.AbstractChannelHandlerContext.fireChannelRead(AbstractChannelHandlerContext.java:341)
	at io.netty.channel.SimpleChannelInboundHandler.channelRead(SimpleChannelInboundHandler.java:108)
	at io.netty.channel.AbstractChannelHandlerContext.invokeChannelRead(AbstractChannelHandlerContext.java:363)
	at io.netty.channel.AbstractChannelHandlerContext.invokeChannelRead(AbstractChannelHandlerContext.java:349)
	at io.netty.channel.AbstractChannelHandlerContext.fireChannelRead(AbstractChannelHandlerContext.java:341)
	at io.netty.handler.codec.ByteToMessageDecoder.fireChannelRead(ByteToMessageDecoder.java:293)
	at io.netty.handler.codec.ByteToMessageDecoder.channelRead(ByteToMessageDecoder.java:267)
	at io.netty.channel.AbstractChannelHandlerContext.invokeChannelRead(AbstractChannelHandlerContext.java:363)
	at io.netty.channel.AbstractChannelHandlerContext.invokeChannelRead(AbstractChannelHandlerContext.java:349)
	at io.netty.channel.AbstractChannelHandlerContext.fireChannelRead(AbstractChannelHandlerContext.java:341)
	at io.netty.channel.DefaultChannelPipeline$HeadContext.channelRead(DefaultChannelPipeline.java:1334)
	at io.netty.channel.AbstractChannelHandlerContext.invokeChannelRead(AbstractChannelHandlerContext.java:363)
	at io.netty.channel.AbstractChannelHandlerContext.invokeChannelRead(AbstractChannelHandlerContext.java:349)
	at io.netty.channel.DefaultChannelPipeline.fireChannelRead(DefaultChannelPipeline.java:926)
	at io.netty.channel.nio.AbstractNioByteChannel$NioByteUnsafe.read(AbstractNioByteChannel.java:129)
	at io.netty.channel.nio.NioEventLoop.processSelectedKey(NioEventLoop.java:642)
	at io.netty.channel.nio.NioEventLoop.processSelectedKeysOptimized(NioEventLoop.java:565)
	at io.netty.channel.nio.NioEventLoop.processSelectedKeys(NioEventLoop.java:479)
	at io.netty.channel.nio.NioEventLoop.run(NioEventLoop.java:441)
	at io.netty.util.concurrent.SingleThreadEventExecutor$5.run(SingleThreadEventExecutor.java:858)
	at java.lang.Thread.run(Thread.java:748)
2026-06-20 18:12:22 ERROR 消息处理出错，code:10204, msg:{"type":1,"id":"30101"}
2026-06-20 18:12:22 ERROR 
java.lang.NullPointerException
	at com.linlongyx.sanguo.webgame.common.fight.fighter.AbstractFighter.initGuid(AbstractFighter.java:432)
	at com.linlongyx.sanguo.webgame.common.fight.side.FightGroup.init(FightGroup.java:72)
	at com.linlongyx.sanguo.webgame.common.fight.side.AbstractFightSide.lambda$initGuid$0(AbstractFightSide.java:82)
	at java.util.ArrayList.forEach(ArrayList.java:1257)
	at com.linlongyx.sanguo.webgame.common.fight.side.AbstractFightSide.initGuid(AbstractFightSide.java:82)
	at com.linlongyx.sanguo.webgame.common.fight.AbstractFight.init(AbstractFight.java:175)
	at com.linlongyx.sanguo.webgame.common.fight.type.InstanceFight.start(InstanceFight.java:55)
	at com.linlongyx.sanguo.webgame.processors.fight.FightRecordProcessor.handleMainIns(FightRecordProcessor.java:159)
	at com.linlongyx.sanguo.webgame.processors.fight.FightRecordProcessor.handleRequest(FightRecordProcessor.java:94)
	at com.linlongyx.sanguo.webgame.processors.fight.FightRecordProcessor.handleRequest(FightRecordProcessor.java:81)
	at com.linlongyx.core.framework.base.ProcessorBase.process(ProcessorBase.java:47)
	at com.linlongyx.core.framework.base.ProcessorBase.handle(ProcessorBase.java:38)
	at com.linlongyx.sanguo.webgame.processors.MsgDispatcher.dispatch(MsgDispatcher.java:195)
	at com.linlongyx.sanguo.webgame.net.handler.WSServerHandler.handleWebSocketFrame(WSServerHandler.java:146)
	at com.linlongyx.sanguo.webgame.net.handler.WSServerHandler.channelRead0(WSServerHandler.java:77)
	at com.linlongyx.sanguo.webgame.net.handler.WSServerHandler.channelRead0(WSServerHandler.java:35)
	at io.netty.channel.SimpleChannelInboundHandler.channelRead(SimpleChannelInboundHandler.java:105)
	at io.netty.channel.AbstractChannelHandlerContext.invokeChannelRead(AbstractChannelHandlerContext.java:363)
	at io.netty.channel.AbstractChannelHandlerContext.invokeChannelRead(AbstractChannelHandlerContext.java:349)
	at io.netty.channel.AbstractChannelHandlerContext.fireChannelRead(AbstractChannelHandlerContext.java:341)
	at io.netty.handler.timeout.IdleStateHandler.channelRead(IdleStateHandler.java:287)
	at io.netty.channel.AbstractChannelHandlerContext.invokeChannelRead(AbstractChannelHandlerContext.java:363)
	at io.netty.channel.AbstractChannelHandlerContext.invokeChannelRead(AbstractChannelHandlerContext.java:349)
	at io.netty.channel.AbstractChannelHandlerContext.fireChannelRead(AbstractChannelHandlerContext.java:341)
	at io.netty.handler.codec.MessageToMessageDecoder.channelRead(MessageToMessageDecoder.java:102)
	at io.netty.channel.AbstractChannelHandlerContext.invokeChannelRead(AbstractChannelHandlerContext.java:363)
	at io.netty.channel.AbstractChannelHandlerContext.invokeChannelRead(AbstractChannelHandlerContext.java:349)
	at io.netty.channel.AbstractChannelHandlerContext.fireChannelRead(AbstractChannelHandlerContext.java:341)
	at io.netty.channel.ChannelInboundHandlerAdapter.channelRead(ChannelInboundHandlerAdapter.java:86)
	at io.netty.handler.codec.http.websocketx.Utf8FrameValidator.channelRead(Utf8FrameValidator.java:77)
	at io.netty.channel.AbstractChannelHandlerContext.invokeChannelRead(AbstractChannelHandlerContext.java:363)
	at io.netty.channel.AbstractChannelHandlerContext.invokeChannelRead(AbstractChannelHandlerContext.java:349)
	at io.netty.channel.AbstractChannelHandlerContext.fireChannelRead(AbstractChannelHandlerContext.java:341)
	at io.netty.handler.codec.http.websocketx.WebSocketServerProtocolHandler$1.channelRead(WebSocketServerProtocolHandler.java:203)
	at io.netty.channel.AbstractChannelHandlerContext.invokeChannelRead(AbstractChannelHandlerContext.java:363)
	at io.netty.channel.AbstractChannelHandlerContext.invokeChannelRead(AbstractChannelHandlerContext.java:349)
	at io.netty.channel.AbstractChannelHandlerContext.fireChannelRead(AbstractChannelHandlerContext.java:341)
	at io.netty.handler.codec.MessageToMessageDecoder.channelRead(MessageToMessageDecoder.java:102)
	at io.netty.channel.AbstractChannelHandlerContext.invokeChannelRead(AbstractChannelHandlerContext.java:363)
	at io.netty.channel.AbstractChannelHandlerContext.invokeChannelRead(AbstractChannelHandlerContext.java:349)
	at io.netty.channel.AbstractChannelHandlerContext.fireChannelRead(AbstractChannelHandlerContext.java:341)
	at io.netty.channel.SimpleChannelInboundHandler.channelRead(SimpleChannelInboundHandler.java:108)
	at io.netty.channel.AbstractChannelHandlerContext.invokeChannelRead(AbstractChannelHandlerContext.java:363)
	at io.netty.channel.AbstractChannelHandlerContext.invokeChannelRead(AbstractChannelHandlerContext.java:349)
	at io.netty.channel.AbstractChannelHandlerContext.fireChannelRead(AbstractChannelHandlerContext.java:341)
	at io.netty.handler.codec.ByteToMessageDecoder.fireChannelRead(ByteToMessageDecoder.java:293)
	at io.netty.handler.codec.ByteToMessageDecoder.channelRead(ByteToMessageDecoder.java:267)
	at io.netty.channel.AbstractChannelHandlerContext.invokeChannelRead(AbstractChannelHandlerContext.java:363)
	at io.netty.channel.AbstractChannelHandlerContext.invokeChannelRead(AbstractChannelHandlerContext.java:349)
	at io.netty.channel.AbstractChannelHandlerContext.fireChannelRead(AbstractChannelHandlerContext.java:341)
	at io.netty.channel.DefaultChannelPipeline$HeadContext.channelRead(DefaultChannelPipeline.java:1334)
	at io.netty.channel.AbstractChannelHandlerContext.invokeChannelRead(AbstractChannelHandlerContext.java:363)
	at io.netty.channel.AbstractChannelHandlerContext.invokeChannelRead(AbstractChannelHandlerContext.java:349)
	at io.netty.channel.DefaultChannelPipeline.fireChannelRead(DefaultChannelPipeline.java:926)
	at io.netty.channel.nio.AbstractNioByteChannel$NioByteUnsafe.read(AbstractNioByteChannel.java:129)
	at io.netty.channel.nio.NioEventLoop.processSelectedKey(NioEventLoop.java:642)
	at io.netty.channel.nio.NioEventLoop.processSelectedKeysOptimized(NioEventLoop.java:565)
	at io.netty.channel.nio.NioEventLoop.processSelectedKeys(NioEventLoop.java:479)
	at io.netty.channel.nio.NioEventLoop.run(NioEventLoop.java:441)
	at io.netty.util.concurrent.SingleThreadEventExecutor$5.run(SingleThreadEventExecutor.java:858)
	at java.lang.Thread.run(Thread.java:748)
2026-06-20 18:12:22 ERROR 消息处理出错，code:10204, msg:{"type":1,"id":"30101"}
2026-06-20 18:12:22 ERROR 
java.lang.NullPointerException
	at com.linlongyx.sanguo.webgame.common.fight.fighter.AbstractFighter.initGuid(AbstractFighter.java:432)
	at com.linlongyx.sanguo.webgame.common.fight.side.FightGroup.init(FightGroup.java:72)
	at com.linlongyx.sanguo.webgame.common.fight.side.AbstractFightSide.lambda$initGuid$0(AbstractFightSide.java:82)
	at java.util.ArrayList.forEach(ArrayList.java:1257)
	at com.linlongyx.sanguo.webgame.common.fight.side.AbstractFightSide.initGuid(AbstractFightSide.java:82)
	at com.linlongyx.sanguo.webgame.common.fight.AbstractFight.init(AbstractFight.java:175)
	at com.linlongyx.sanguo.webgame.common.fight.type.InstanceFight.start(InstanceFight.java:55)
	at com.linlongyx.sanguo.webgame.processors.fight.FightRecordProcessor.handleMainIns(FightRecordProcessor.java:159)
	at com.linlongyx.sanguo.webgame.processors.fight.FightRecordProcessor.handleRequest(FightRecordProcessor.java:94)
	at com.linlongyx.sanguo.webgame.processors.fight.FightRecordProcessor.handleRequest(FightRecordProcessor.java:81)
	at com.linlongyx.core.framework.base.ProcessorBase.process(ProcessorBase.java:47)
	at com.linlongyx.core.framework.base.ProcessorBase.handle(ProcessorBase.java:38)
	at com.linlongyx.sanguo.webgame.processors.MsgDispatcher.dispatch(MsgDispatcher.java:195)
	at com.linlongyx.sanguo.webgame.net.handler.WSServerHandler.handleWebSocketFrame(WSServerHandler.java:146)
	at com.linlongyx.sanguo.webgame.net.handler.WSServerHandler.channelRead0(WSServerHandler.java:77)
	at com.linlongyx.sanguo.webgame.net.handler.WSServerHandler.channelRead0(WSServerHandler.java:35)
	at io.netty.channel.SimpleChannelInboundHandler.channelRead(SimpleChannelInboundHandler.java:105)
	at io.netty.channel.AbstractChannelHandlerContext.invokeChannelRead(AbstractChannelHandlerContext.java:363)
	at io.netty.channel.AbstractChannelHandlerContext.invokeChannelRead(AbstractChannelHandlerContext.java:349)
	at io.netty.channel.AbstractChannelHandlerContext.fireChannelRead(AbstractChannelHandlerContext.java:341)
	at io.netty.handler.timeout.IdleStateHandler.channelRead(IdleStateHandler.java:287)
	at io.netty.channel.AbstractChannelHandlerContext.invokeChannelRead(AbstractChannelHandlerContext.java:363)
	at io.netty.channel.AbstractChannelHandlerContext.invokeChannelRead(AbstractChannelHandlerContext.java:349)
	at io.netty.channel.AbstractChannelHandlerContext.fireChannelRead(AbstractChannelHandlerContext.java:341)
	at io.netty.handler.codec.MessageToMessageDecoder.channelRead(MessageToMessageDecoder.java:102)
	at io.netty.channel.AbstractChannelHandlerContext.invokeChannelRead(AbstractChannelHandlerContext.java:363)
	at io.netty.channel.AbstractChannelHandlerContext.invokeChannelRead(AbstractChannelHandlerContext.java:349)
	at io.netty.channel.AbstractChannelHandlerContext.fireChannelRead(AbstractChannelHandlerContext.java:341)
	at io.netty.channel.ChannelInboundHandlerAdapter.channelRead(ChannelInboundHandlerAdapter.java:86)
	at io.netty.handler.codec.http.websocketx.Utf8FrameValidator.channelRead(Utf8FrameValidator.java:77)
	at io.netty.channel.AbstractChannelHandlerContext.invokeChannelRead(AbstractChannelHandlerContext.java:363)
	at io.netty.channel.AbstractChannelHandlerContext.invokeChannelRead(AbstractChannelHandlerContext.java:349)
	at io.netty.channel.AbstractChannelHandlerContext.fireChannelRead(AbstractChannelHandlerContext.java:341)
	at io.netty.handler.codec.http.websocketx.WebSocketServerProtocolHandler$1.channelRead(WebSocketServerProtocolHandler.java:203)
	at io.netty.channel.AbstractChannelHandlerContext.invokeChannelRead(AbstractChannelHandlerContext.java:363)
	at io.netty.channel.AbstractChannelHandlerContext.invokeChannelRead(AbstractChannelHandlerContext.java:349)
	at io.netty.channel.AbstractChannelHandlerContext.fireChannelRead(AbstractChannelHandlerContext.java:341)
	at io.netty.handler.codec.MessageToMessageDecoder.channelRead(MessageToMessageDecoder.java:102)
	at io.netty.channel.AbstractChannelHandlerContext.invokeChannelRead(AbstractChannelHandlerContext.java:363)
	at io.netty.channel.AbstractChannelHandlerContext.invokeChannelRead(AbstractChannelHandlerContext.java:349)
	at io.netty.channel.AbstractChannelHandlerContext.fireChannelRead(AbstractChannelHandlerContext.java:341)
	at io.netty.channel.SimpleChannelInboundHandler.channelRead(SimpleChannelInboundHandler.java:108)
	at io.netty.channel.AbstractChannelHandlerContext.invokeChannelRead(AbstractChannelHandlerContext.java:363)
	at io.netty.channel.AbstractChannelHandlerContext.invokeChannelRead(AbstractChannelHandlerContext.java:349)
	at io.netty.channel.AbstractChannelHandlerContext.fireChannelRead(AbstractChannelHandlerContext.java:341)
	at io.netty.handler.codec.ByteToMessageDecoder.fireChannelRead(ByteToMessageDecoder.java:293)
	at io.netty.handler.codec.ByteToMessageDecoder.channelRead(ByteToMessageDecoder.java:267)
	at io.netty.channel.AbstractChannelHandlerContext.invokeChannelRead(AbstractChannelHandlerContext.java:363)
	at io.netty.channel.AbstractChannelHandlerContext.invokeChannelRead(AbstractChannelHandlerContext.java:349)
	at io.netty.channel.AbstractChannelHandlerContext.fireChannelRead(AbstractChannelHandlerContext.java:341)
	at io.netty.channel.DefaultChannelPipeline$HeadContext.channelRead(DefaultChannelPipeline.java:1334)
	at io.netty.channel.AbstractChannelHandlerContext.invokeChannelRead(AbstractChannelHandlerContext.java:363)
	at io.netty.channel.AbstractChannelHandlerContext.invokeChannelRead(AbstractChannelHandlerContext.java:349)
	at io.netty.channel.DefaultChannelPipeline.fireChannelRead(DefaultChannelPipeline.java:926)
	at io.netty.channel.nio.AbstractNioByteChannel$NioByteUnsafe.read(AbstractNioByteChannel.java:129)
	at io.netty.channel.nio.NioEventLoop.processSelectedKey(NioEventLoop.java:642)
	at io.netty.channel.nio.NioEventLoop.processSelectedKeysOptimized(NioEventLoop.java:565)
	at io.netty.channel.nio.NioEventLoop.processSelectedKeys(NioEventLoop.java:479)
	at io.netty.channel.nio.NioEventLoop.run(NioEventLoop.java:441)
	at io.netty.util.concurrent.SingleThreadEventExecutor$5.run(SingleThreadEventExecutor.java:858)
	at java.lang.Thread.run(Thread.java:748)
2026-06-20 18:12:23 ERROR 消息处理出错，code:10204, msg:{"type":1,"id":"30101"}
2026-06-20 18:12:23 ERROR 
java.lang.NullPointerException
	at com.linlongyx.sanguo.webgame.common.fight.fighter.AbstractFighter.initGuid(AbstractFighter.java:432)
	at com.linlongyx.sanguo.webgame.common.fight.side.FightGroup.init(FightGroup.java:72)
	at com.linlongyx.sanguo.webgame.common.fight.side.AbstractFightSide.lambda$initGuid$0(AbstractFightSide.java:82)
	at java.util.ArrayList.forEach(ArrayList.java:1257)
	at com.linlongyx.sanguo.webgame.common.fight.side.AbstractFightSide.initGuid(AbstractFightSide.java:82)
	at com.linlongyx.sanguo.webgame.common.fight.AbstractFight.init(AbstractFight.java:175)
	at com.linlongyx.sanguo.webgame.common.fight.type.InstanceFight.start(InstanceFight.java:55)
	at com.linlongyx.sanguo.webgame.processors.fight.FightRecordProcessor.handleMainIns(FightRecordProcessor.java:159)
	at com.linlongyx.sanguo.webgame.processors.fight.FightRecordProcessor.handleRequest(FightRecordProcessor.java:94)
	at com.linlongyx.sanguo.webgame.processors.fight.FightRecordProcessor.handleRequest(FightRecordProcessor.java:81)
	at com.linlongyx.core.framework.base.ProcessorBase.process(ProcessorBase.java:47)
	at com.linlongyx.core.framework.base.ProcessorBase.handle(ProcessorBase.java:38)
	at com.linlongyx.sanguo.webgame.processors.MsgDispatcher.dispatch(MsgDispatcher.java:195)
	at com.linlongyx.sanguo.webgame.net.handler.WSServerHandler.handleWebSocketFrame(WSServerHandler.java:146)
	at com.linlongyx.sanguo.webgame.net.handler.WSServerHandler.channelRead0(WSServerHandler.java:77)
	at com.linlongyx.sanguo.webgame.net.handler.WSServerHandler.channelRead0(WSServerHandler.java:35)
	at io.netty.channel.SimpleChannelInboundHandler.channelRead(SimpleChannelInboundHandler.java:105)
	at io.netty.channel.AbstractChannelHandlerContext.invokeChannelRead(AbstractChannelHandlerContext.java:363)
	at io.netty.channel.AbstractChannelHandlerContext.invokeChannelRead(AbstractChannelHandlerContext.java:349)
	at io.netty.channel.AbstractChannelHandlerContext.fireChannelRead(AbstractChannelHandlerContext.java:341)
	at io.netty.handler.timeout.IdleStateHandler.channelRead(IdleStateHandler.java:287)
	at io.netty.channel.AbstractChannelHandlerContext.invokeChannelRead(AbstractChannelHandlerContext.java:363)
	at io.netty.channel.AbstractChannelHandlerContext.invokeChannelRead(AbstractChannelHandlerContext.java:349)
	at io.netty.channel.AbstractChannelHandlerContext.fireChannelRead(AbstractChannelHandlerContext.java:341)
	at io.netty.handler.codec.MessageToMessageDecoder.channelRead(MessageToMessageDecoder.java:102)
	at io.netty.channel.AbstractChannelHandlerContext.invokeChannelRead(AbstractChannelHandlerContext.java:363)
	at io.netty.channel.AbstractChannelHandlerContext.invokeChannelRead(AbstractChannelHandlerContext.java:349)
	at io.netty.channel.AbstractChannelHandlerContext.fireChannelRead(AbstractChannelHandlerContext.java:341)
	at io.netty.channel.ChannelInboundHandlerAdapter.channelRead(ChannelInboundHandlerAdapter.java:86)
	at io.netty.handler.codec.http.websocketx.Utf8FrameValidator.channelRead(Utf8FrameValidator.java:77)
	at io.netty.channel.AbstractChannelHandlerContext.invokeChannelRead(AbstractChannelHandlerContext.java:363)
	at io.netty.channel.AbstractChannelHandlerContext.invokeChannelRead(AbstractChannelHandlerContext.java:349)
	at io.netty.channel.AbstractChannelHandlerContext.fireChannelRead(AbstractChannelHandlerContext.java:341)
	at io.netty.handler.codec.http.websocketx.WebSocketServerProtocolHandler$1.channelRead(WebSocketServerProtocolHandler.java:203)
	at io.netty.channel.AbstractChannelHandlerContext.invokeChannelRead(AbstractChannelHandlerContext.java:363)
	at io.netty.channel.AbstractChannelHandlerContext.invokeChannelRead(AbstractChannelHandlerContext.java:349)
	at io.netty.channel.AbstractChannelHandlerContext.fireChannelRead(AbstractChannelHandlerContext.java:341)
	at io.netty.handler.codec.MessageToMessageDecoder.channelRead(MessageToMessageDecoder.java:102)
	at io.netty.channel.AbstractChannelHandlerContext.invokeChannelRead(AbstractChannelHandlerContext.java:363)
	at io.netty.channel.AbstractChannelHandlerContext.invokeChannelRead(AbstractChannelHandlerContext.java:349)
	at io.netty.channel.AbstractChannelHandlerContext.fireChannelRead(AbstractChannelHandlerContext.java:341)
	at io.netty.channel.SimpleChannelInboundHandler.channelRead(SimpleChannelInboundHandler.java:108)
	at io.netty.channel.AbstractChannelHandlerContext.invokeChannelRead(AbstractChannelHandlerContext.java:363)
	at io.netty.channel.AbstractChannelHandlerContext.invokeChannelRead(AbstractChannelHandlerContext.java:349)
	at io.netty.channel.AbstractChannelHandlerContext.fireChannelRead(AbstractChannelHandlerContext.java:341)
	at io.netty.handler.codec.ByteToMessageDecoder.fireChannelRead(ByteToMessageDecoder.java:293)
	at io.netty.handler.codec.ByteToMessageDecoder.channelRead(ByteToMessageDecoder.java:267)
	at io.netty.channel.AbstractChannelHandlerContext.invokeChannelRead(AbstractChannelHandlerContext.java:363)
	at io.netty.channel.AbstractChannelHandlerContext.invokeChannelRead(AbstractChannelHandlerContext.java:349)
	at io.netty.channel.AbstractChannelHandlerContext.fireChannelRead(AbstractChannelHandlerContext.java:341)
	at io.netty.channel.DefaultChannelPipeline$HeadContext.channelRead(DefaultChannelPipeline.java:1334)
	at io.netty.channel.AbstractChannelHandlerContext.invokeChannelRead(AbstractChannelHandlerContext.java:363)
	at io.netty.channel.AbstractChannelHandlerContext.invokeChannelRead(AbstractChannelHandlerContext.java:349)
	at io.netty.channel.DefaultChannelPipeline.fireChannelRead(DefaultChannelPipeline.java:926)
	at io.netty.channel.nio.AbstractNioByteChannel$NioByteUnsafe.read(AbstractNioByteChannel.java:129)
	at io.netty.channel.nio.NioEventLoop.processSelectedKey(NioEventLoop.java:642)
	at io.netty.channel.nio.NioEventLoop.processSelectedKeysOptimized(NioEventLoop.java:565)
	at io.netty.channel.nio.NioEventLoop.processSelectedKeys(NioEventLoop.java:479)
	at io.netty.channel.nio.NioEventLoop.run(NioEventLoop.java:441)
	at io.netty.util.concurrent.SingleThreadEventExecutor$5.run(SingleThreadEventExecutor.java:858)
	at java.lang.Thread.run(Thread.java:748)
2026-06-20 18:12:24 ERROR rankBossTimeOut 1001 
2026-06-20 18:12:30 DEBUG Producing instance of Job 'AUTO.JOBS', class=com.linlongyx.sanguo.webgame.quartz.QuartzJob
2026-06-20 18:12:30 DEBUG Calling execute on job AUTO.JOBS
2026-06-20 18:12:30 INFO  触发cmd：20005
2026-06-20 18:12:31 INFO  log_currency|10000|7|10000000007|1|2|10|10|2026-06-20 18:12:31|88|1
2026-06-20 18:12:58 INFO  log_login|10000|7|10000000007|1|0|2026-06-20 18:12:58|2026-06-20 18:08:31|2026-06-20 18:12:58|2130706433|30101
2026-06-20 18:12:58 DEBUG saveAll: 10000000007, name: ragezonex, time: 2026-06-20 18:12:58 
2026-06-20 18:13:00 DEBUG Producing instance of Job 'AUTO.JOBS', class=com.linlongyx.sanguo.webgame.quartz.QuartzJob
2026-06-20 18:13:00 DEBUG Calling execute on job AUTO.JOBS
2026-06-20 18:13:00 INFO  触发cmd：20005
